-- MySQL dump 10.13  Distrib 5.7.24, for Linux (x86_64)
--
-- Host: localhost    Database: Ofreceme
-- ------------------------------------------------------
-- Server version	5.7.24-0ubuntu0.18.04.1

/*!40101 SET @OLD_CHARACTER_SET_CLIENT=@@CHARACTER_SET_CLIENT */;
/*!40101 SET @OLD_CHARACTER_SET_RESULTS=@@CHARACTER_SET_RESULTS */;
/*!40101 SET @OLD_COLLATION_CONNECTION=@@COLLATION_CONNECTION */;
/*!40101 SET NAMES utf8 */;
/*!40103 SET @OLD_TIME_ZONE=@@TIME_ZONE */;
/*!40103 SET TIME_ZONE='+00:00' */;
/*!40014 SET @OLD_UNIQUE_CHECKS=@@UNIQUE_CHECKS, UNIQUE_CHECKS=0 */;
/*!40014 SET @OLD_FOREIGN_KEY_CHECKS=@@FOREIGN_KEY_CHECKS, FOREIGN_KEY_CHECKS=0 */;
/*!40101 SET @OLD_SQL_MODE=@@SQL_MODE, SQL_MODE='NO_AUTO_VALUE_ON_ZERO' */;
/*!40111 SET @OLD_SQL_NOTES=@@SQL_NOTES, SQL_NOTES=0 */;

--
-- Table structure for table `categorias`
--

DROP TABLE IF EXISTS `categorias`;
/*!40101 SET @saved_cs_client     = @@character_set_client */;
/*!40101 SET character_set_client = utf8 */;
CREATE TABLE `categorias` (
  `id` int(10) unsigned NOT NULL,
  `nombre` varchar(45) DEFAULT NULL,
  `created_at` datetime DEFAULT NULL,
  `updated_at` datetime DEFAULT NULL,
  PRIMARY KEY (`id`)
) ENGINE=InnoDB DEFAULT CHARSET=utf8;
/*!40101 SET character_set_client = @saved_cs_client */;

--
-- Dumping data for table `categorias`
--

LOCK TABLES `categorias` WRITE;
/*!40000 ALTER TABLE `categorias` DISABLE KEYS */;
INSERT INTO `categorias` VALUES (1,'nuevo','2018-12-04 12:00:00','2018-12-04 12:00:00'),(2,'usado','2018-12-04 12:00:00','2018-12-04 12:00:00'),(3,'servicio','2018-12-04 12:00:00','2018-12-04 12:00:00');
/*!40000 ALTER TABLE `categorias` ENABLE KEYS */;
UNLOCK TABLES;

--
-- Table structure for table `compra_producto`
--

DROP TABLE IF EXISTS `compra_producto`;
/*!40101 SET @saved_cs_client     = @@character_set_client */;
/*!40101 SET character_set_client = utf8 */;
CREATE TABLE `compra_producto` (
  `id` int(10) unsigned NOT NULL,
  `compra_id` int(10) unsigned DEFAULT NULL,
  `producto_id` int(10) unsigned DEFAULT NULL,
  `precio` float unsigned DEFAULT NULL,
  `cantidad` int(11) DEFAULT NULL,
  `created_at` datetime DEFAULT NULL,
  `updated_at` datetime DEFAULT NULL,
  PRIMARY KEY (`id`)
) ENGINE=InnoDB DEFAULT CHARSET=utf8;
/*!40101 SET character_set_client = @saved_cs_client */;

--
-- Dumping data for table `compra_producto`
--

LOCK TABLES `compra_producto` WRITE;
/*!40000 ALTER TABLE `compra_producto` DISABLE KEYS */;
/*!40000 ALTER TABLE `compra_producto` ENABLE KEYS */;
UNLOCK TABLES;

--
-- Table structure for table `compras`
--

DROP TABLE IF EXISTS `compras`;
/*!40101 SET @saved_cs_client     = @@character_set_client */;
/*!40101 SET character_set_client = utf8 */;
CREATE TABLE `compras` (
  `id` int(10) unsigned NOT NULL AUTO_INCREMENT,
  `usuario_id` int(10) unsigned DEFAULT NULL,
  `direccion` varchar(150) DEFAULT NULL,
  `medio_de_pago_id` int(10) unsigned DEFAULT NULL,
  `created_at` datetime DEFAULT NULL,
  `updated_at` datetime DEFAULT NULL,
  PRIMARY KEY (`id`),
  KEY `relacion_usuario_idx` (`usuario_id`),
  KEY `relacion_medios_de_pago_idx` (`medio_de_pago_id`),
  CONSTRAINT `relacion_compras` FOREIGN KEY (`usuario_id`) REFERENCES `compras` (`id`) ON UPDATE NO ACTION,
  CONSTRAINT `relacion_medios_de_pago` FOREIGN KEY (`medio_de_pago_id`) REFERENCES `medios_de_pago` (`id`) ON DELETE NO ACTION ON UPDATE NO ACTION,
  CONSTRAINT `relacion_usuario` FOREIGN KEY (`usuario_id`) REFERENCES `usuarios` (`id`) ON UPDATE NO ACTION
) ENGINE=InnoDB DEFAULT CHARSET=utf8;
/*!40101 SET character_set_client = @saved_cs_client */;

--
-- Dumping data for table `compras`
--

LOCK TABLES `compras` WRITE;
/*!40000 ALTER TABLE `compras` DISABLE KEYS */;
/*!40000 ALTER TABLE `compras` ENABLE KEYS */;
UNLOCK TABLES;

--
-- Table structure for table `marcas`
--

DROP TABLE IF EXISTS `marcas`;
/*!40101 SET @saved_cs_client     = @@character_set_client */;
/*!40101 SET character_set_client = utf8 */;
CREATE TABLE `marcas` (
  `id` int(10) unsigned NOT NULL AUTO_INCREMENT,
  `nombre` varchar(100) NOT NULL,
  `created_at` datetime DEFAULT NULL,
  `updated_at` datetime DEFAULT NULL,
  PRIMARY KEY (`id`)
) ENGINE=InnoDB AUTO_INCREMENT=101 DEFAULT CHARSET=utf8;
/*!40101 SET character_set_client = @saved_cs_client */;

--
-- Dumping data for table `marcas`
--

LOCK TABLES `marcas` WRITE;
/*!40000 ALTER TABLE `marcas` DISABLE KEYS */;
INSERT INTO `marcas` VALUES (1,'Wehner-Ullrich','2018-12-06 15:13:08','2018-12-06 15:13:08'),(2,'Smith LLC','2018-12-06 15:13:08','2018-12-06 15:13:08'),(3,'Ward, Robel and Kulas','2018-12-06 15:13:08','2018-12-06 15:13:08'),(4,'Fritsch-Larkin','2018-12-06 15:13:08','2018-12-06 15:13:08'),(5,'Hilpert-Stroman','2018-12-06 15:13:08','2018-12-06 15:13:08'),(6,'Durgan-Gerhold','2018-12-06 15:13:08','2018-12-06 15:13:08'),(7,'Bartell-Johnston','2018-12-06 15:13:08','2018-12-06 15:13:08'),(8,'Glover-Brown','2018-12-06 15:13:08','2018-12-06 15:13:08'),(9,'Lueilwitz and Sons','2018-12-06 15:13:08','2018-12-06 15:13:08'),(10,'Schumm PLC','2018-12-06 15:13:08','2018-12-06 15:13:08'),(11,'Weimann, Krajcik and Quigley','2018-12-06 15:13:08','2018-12-06 15:13:08'),(12,'Friesen-Borer','2018-12-06 15:13:08','2018-12-06 15:13:08'),(13,'Zulauf-Corkery','2018-12-06 15:13:08','2018-12-06 15:13:08'),(14,'Keeling Inc','2018-12-06 15:13:08','2018-12-06 15:13:08'),(15,'Hansen-Larkin','2018-12-06 15:13:08','2018-12-06 15:13:08'),(16,'Sanford-Bogan','2018-12-06 15:13:08','2018-12-06 15:13:08'),(17,'Batz Inc','2018-12-06 15:13:08','2018-12-06 15:13:08'),(18,'Rath, Okuneva and Ward','2018-12-06 15:13:08','2018-12-06 15:13:08'),(19,'Bailey Inc','2018-12-06 15:13:08','2018-12-06 15:13:08'),(20,'Stokes and Sons','2018-12-06 15:13:08','2018-12-06 15:13:08'),(21,'Dickinson, Wyman and Greenfelder','2018-12-06 15:13:08','2018-12-06 15:13:08'),(22,'Kozey-Daugherty','2018-12-06 15:13:09','2018-12-06 15:13:09'),(23,'Cole-Gaylord','2018-12-06 15:13:09','2018-12-06 15:13:09'),(24,'Labadie Inc','2018-12-06 15:13:09','2018-12-06 15:13:09'),(25,'Marvin-Gleichner','2018-12-06 15:13:09','2018-12-06 15:13:09'),(26,'Ritchie, Franecki and Prosacco','2018-12-06 15:13:09','2018-12-06 15:13:09'),(27,'D\'Amore, Gaylord and Keebler','2018-12-06 15:13:09','2018-12-06 15:13:09'),(28,'Wilkinson-Olson','2018-12-06 15:13:09','2018-12-06 15:13:09'),(29,'Quigley Group','2018-12-06 15:13:09','2018-12-06 15:13:09'),(30,'Ullrich-Mueller','2018-12-06 15:13:09','2018-12-06 15:13:09'),(31,'Trantow-Baumbach','2018-12-06 15:13:09','2018-12-06 15:13:09'),(32,'Balistreri Ltd','2018-12-06 15:13:09','2018-12-06 15:13:09'),(33,'Daugherty, Wyman and Franecki','2018-12-06 15:13:09','2018-12-06 15:13:09'),(34,'Koss, Reichel and Zieme','2018-12-06 15:13:09','2018-12-06 15:13:09'),(35,'Weimann-Schmeler','2018-12-06 15:13:09','2018-12-06 15:13:09'),(36,'Jacobs-Barton','2018-12-06 15:13:09','2018-12-06 15:13:09'),(37,'Bosco, Russel and Kiehn','2018-12-06 15:13:09','2018-12-06 15:13:09'),(38,'Altenwerth Group','2018-12-06 15:13:09','2018-12-06 15:13:09'),(39,'Trantow, Rohan and Nikolaus','2018-12-06 15:13:09','2018-12-06 15:13:09'),(40,'Waelchi Ltd','2018-12-06 15:13:09','2018-12-06 15:13:09'),(41,'Considine, Denesik and Nikolaus','2018-12-06 15:13:09','2018-12-06 15:13:09'),(42,'Ratke Inc','2018-12-06 15:13:09','2018-12-06 15:13:09'),(43,'Schmeler LLC','2018-12-06 15:13:09','2018-12-06 15:13:09'),(44,'Green-Gleichner','2018-12-06 15:13:10','2018-12-06 15:13:10'),(45,'Mosciski, Satterfield and Johnson','2018-12-06 15:13:10','2018-12-06 15:13:10'),(46,'Boyer-Gorczany','2018-12-06 15:13:10','2018-12-06 15:13:10'),(47,'Baumbach-Heidenreich','2018-12-06 15:13:10','2018-12-06 15:13:10'),(48,'Rowe LLC','2018-12-06 15:13:10','2018-12-06 15:13:10'),(49,'Gerlach-Wehner','2018-12-06 15:13:10','2018-12-06 15:13:10'),(50,'Swaniawski-Parker','2018-12-06 15:13:10','2018-12-06 15:13:10'),(51,'Beahan-Swift','2018-12-06 15:28:33','2018-12-06 15:28:33'),(52,'McCullough-Kohler','2018-12-06 15:28:33','2018-12-06 15:28:33'),(53,'Koss, Daugherty and Bayer','2018-12-06 15:28:33','2018-12-06 15:28:33'),(54,'Schuppe LLC','2018-12-06 15:28:33','2018-12-06 15:28:33'),(55,'Hagenes Group','2018-12-06 15:28:33','2018-12-06 15:28:33'),(56,'Schoen-Mante','2018-12-06 15:28:33','2018-12-06 15:28:33'),(57,'Abernathy, Homenick and Rutherford','2018-12-06 15:28:33','2018-12-06 15:28:33'),(58,'Parisian, Moore and Durgan','2018-12-06 15:28:33','2018-12-06 15:28:33'),(59,'Lehner Inc','2018-12-06 15:28:34','2018-12-06 15:28:34'),(60,'Bednar-Veum','2018-12-06 15:28:34','2018-12-06 15:28:34'),(61,'Kohler-Armstrong','2018-12-06 15:28:34','2018-12-06 15:28:34'),(62,'Glover, Greenfelder and Turner','2018-12-06 15:28:34','2018-12-06 15:28:34'),(63,'Hyatt PLC','2018-12-06 15:28:34','2018-12-06 15:28:34'),(64,'Goyette-O\'Connell','2018-12-06 15:28:34','2018-12-06 15:28:34'),(65,'Treutel-Veum','2018-12-06 15:28:34','2018-12-06 15:28:34'),(66,'Conn and Sons','2018-12-06 15:28:34','2018-12-06 15:28:34'),(67,'Schmidt, Rolfson and Kulas','2018-12-06 15:28:34','2018-12-06 15:28:34'),(68,'Weber Group','2018-12-06 15:28:34','2018-12-06 15:28:34'),(69,'Keeling PLC','2018-12-06 15:28:34','2018-12-06 15:28:34'),(70,'Willms, Nitzsche and Fadel','2018-12-06 15:28:34','2018-12-06 15:28:34'),(71,'Bruen PLC','2018-12-06 15:28:34','2018-12-06 15:28:34'),(72,'Bailey LLC','2018-12-06 15:28:34','2018-12-06 15:28:34'),(73,'Erdman-Franecki','2018-12-06 15:28:34','2018-12-06 15:28:34'),(74,'Schiller, Borer and Fisher','2018-12-06 15:28:34','2018-12-06 15:28:34'),(75,'Maggio Inc','2018-12-06 15:28:34','2018-12-06 15:28:34'),(76,'Hudson, Lubowitz and Hayes','2018-12-06 15:28:34','2018-12-06 15:28:34'),(77,'Gleichner and Sons','2018-12-06 15:28:34','2018-12-06 15:28:34'),(78,'Johns Ltd','2018-12-06 15:28:34','2018-12-06 15:28:34'),(79,'Boehm PLC','2018-12-06 15:28:35','2018-12-06 15:28:35'),(80,'D\'Amore, Koch and Hauck','2018-12-06 15:28:35','2018-12-06 15:28:35'),(81,'Homenick-O\'Hara','2018-12-06 15:28:35','2018-12-06 15:28:35'),(82,'Berge LLC','2018-12-06 15:28:35','2018-12-06 15:28:35'),(83,'Kautzer Group','2018-12-06 15:28:35','2018-12-06 15:28:35'),(84,'Stiedemann, Zulauf and Corwin','2018-12-06 15:28:35','2018-12-06 15:28:35'),(85,'Nolan LLC','2018-12-06 15:28:35','2018-12-06 15:28:35'),(86,'Schumm-Von','2018-12-06 15:28:35','2018-12-06 15:28:35'),(87,'Cronin Group','2018-12-06 15:28:35','2018-12-06 15:28:35'),(88,'Monahan and Sons','2018-12-06 15:28:35','2018-12-06 15:28:35'),(89,'Cremin-Swaniawski','2018-12-06 15:28:35','2018-12-06 15:28:35'),(90,'Bogan LLC','2018-12-06 15:28:35','2018-12-06 15:28:35'),(91,'Klein Ltd','2018-12-06 15:28:35','2018-12-06 15:28:35'),(92,'Welch and Sons','2018-12-06 15:28:35','2018-12-06 15:28:35'),(93,'Gibson LLC','2018-12-06 15:28:35','2018-12-06 15:28:35'),(94,'Walter Inc','2018-12-06 15:28:35','2018-12-06 15:28:35'),(95,'Fahey, Bosco and Kassulke','2018-12-06 15:28:35','2018-12-06 15:28:35'),(96,'O\'Keefe and Sons','2018-12-06 15:28:35','2018-12-06 15:28:35'),(97,'White-Weimann','2018-12-06 15:28:35','2018-12-06 15:28:35'),(98,'Fisher Inc','2018-12-06 15:28:35','2018-12-06 15:28:35'),(99,'Champlin and Sons','2018-12-06 15:28:35','2018-12-06 15:28:35'),(100,'Farrell-Goyette','2018-12-06 15:28:35','2018-12-06 15:28:35');
/*!40000 ALTER TABLE `marcas` ENABLE KEYS */;
UNLOCK TABLES;

--
-- Table structure for table `medios_de_pago`
--

DROP TABLE IF EXISTS `medios_de_pago`;
/*!40101 SET @saved_cs_client     = @@character_set_client */;
/*!40101 SET character_set_client = utf8 */;
CREATE TABLE `medios_de_pago` (
  `id` int(10) unsigned NOT NULL AUTO_INCREMENT,
  `nombre` varchar(100) DEFAULT NULL,
  `created_at` datetime DEFAULT NULL,
  `updates_at` datetime DEFAULT NULL,
  `numero_de_tarjeta` int(11) DEFAULT NULL,
  `fecha_de_vencimiento` int(11) DEFAULT NULL,
  PRIMARY KEY (`id`)
) ENGINE=InnoDB DEFAULT CHARSET=utf8;
/*!40101 SET character_set_client = @saved_cs_client */;

--
-- Dumping data for table `medios_de_pago`
--

LOCK TABLES `medios_de_pago` WRITE;
/*!40000 ALTER TABLE `medios_de_pago` DISABLE KEYS */;
/*!40000 ALTER TABLE `medios_de_pago` ENABLE KEYS */;
UNLOCK TABLES;

--
-- Table structure for table `producto_categoria`
--

DROP TABLE IF EXISTS `producto_categoria`;
/*!40101 SET @saved_cs_client     = @@character_set_client */;
/*!40101 SET character_set_client = utf8 */;
CREATE TABLE `producto_categoria` (
  `id` int(10) unsigned NOT NULL AUTO_INCREMENT,
  `producto_id` int(10) unsigned DEFAULT NULL,
  `categoria_id` int(10) unsigned DEFAULT NULL,
  `created_at` datetime DEFAULT NULL,
  `updates_at` datetime DEFAULT NULL,
  PRIMARY KEY (`id`),
  KEY `relacion_categoria_idx` (`categoria_id`),
  KEY `relacion_producto_idx` (`producto_id`),
  CONSTRAINT `relacion_categoria` FOREIGN KEY (`categoria_id`) REFERENCES `categorias` (`id`) ON UPDATE NO ACTION,
  CONSTRAINT `relacion_producto` FOREIGN KEY (`producto_id`) REFERENCES `productos` (`id`) ON DELETE NO ACTION ON UPDATE NO ACTION
) ENGINE=InnoDB DEFAULT CHARSET=utf8;
/*!40101 SET character_set_client = @saved_cs_client */;

--
-- Dumping data for table `producto_categoria`
--

LOCK TABLES `producto_categoria` WRITE;
/*!40000 ALTER TABLE `producto_categoria` DISABLE KEYS */;
/*!40000 ALTER TABLE `producto_categoria` ENABLE KEYS */;
UNLOCK TABLES;

--
-- Table structure for table `productos`
--

DROP TABLE IF EXISTS `productos`;
/*!40101 SET @saved_cs_client     = @@character_set_client */;
/*!40101 SET character_set_client = utf8 */;
CREATE TABLE `productos` (
  `id` int(10) unsigned NOT NULL AUTO_INCREMENT,
  `nombre` varchar(100) DEFAULT NULL,
  `precio` float NOT NULL,
  `cantidad` int(11) DEFAULT '0',
  `marca_id` int(10) unsigned DEFAULT NULL,
  `usuario_id` int(10) unsigned DEFAULT NULL,
  `created_at` datetime DEFAULT NULL,
  `updated_at` datetime DEFAULT NULL,
  PRIMARY KEY (`id`),
  KEY `usuario_id_idx` (`usuario_id`),
  KEY `id_idx` (`usuario_id`),
  KEY `relacion_marcas_idx` (`marca_id`),
  CONSTRAINT `relacion_marcas` FOREIGN KEY (`marca_id`) REFERENCES `marcas` (`id`) ON UPDATE NO ACTION,
  CONSTRAINT `relacion_usuarios` FOREIGN KEY (`usuario_id`) REFERENCES `usuarios` (`id`) ON UPDATE NO ACTION
) ENGINE=InnoDB AUTO_INCREMENT=51 DEFAULT CHARSET=utf8;
/*!40101 SET character_set_client = @saved_cs_client */;

--
-- Dumping data for table `productos`
--

LOCK TABLES `productos` WRITE;
/*!40000 ALTER TABLE `productos` DISABLE KEYS */;
INSERT INTO `productos` VALUES (1,'Gorczany, Lebsack and Bernier',3505.19,15,64,229,'2018-12-06 15:28:36','2018-12-06 15:28:36'),(2,'Cremin, Gottlieb and Carter',14663.5,60,36,184,'2018-12-06 15:28:36','2018-12-06 15:28:36'),(3,'Boyer PLC',10295.3,47,16,353,'2018-12-06 15:28:36','2018-12-06 15:28:36'),(4,'Legros, Beer and Jast',5773.76,99,85,257,'2018-12-06 15:28:36','2018-12-06 15:28:36'),(5,'Littel-Koss',11290.5,68,4,79,'2018-12-06 15:28:36','2018-12-06 15:28:36'),(6,'Lakin LLC',8356.92,1,59,342,'2018-12-06 15:28:36','2018-12-06 15:28:36'),(7,'Frami LLC',1055.42,88,25,300,'2018-12-06 15:28:36','2018-12-06 15:28:36'),(8,'Howe Inc',445.44,22,24,247,'2018-12-06 15:28:36','2018-12-06 15:28:36'),(9,'Cronin-Volkman',4705.12,83,76,184,'2018-12-06 15:28:36','2018-12-06 15:28:36'),(10,'Howe PLC',13908.7,66,3,71,'2018-12-06 15:28:36','2018-12-06 15:28:36'),(11,'Kreiger Ltd',9739.4,6,93,131,'2018-12-06 15:28:36','2018-12-06 15:28:36'),(12,'Trantow, Weissnat and Gusikowski',10754.3,61,11,95,'2018-12-06 15:28:36','2018-12-06 15:28:36'),(13,'Hane, Weissnat and Aufderhar',1089.08,67,82,287,'2018-12-06 15:28:36','2018-12-06 15:28:36'),(14,'Heathcote-Mitchell',4953.4,63,82,40,'2018-12-06 15:28:37','2018-12-06 15:28:37'),(15,'Carter and Sons',13652.3,100,82,157,'2018-12-06 15:28:37','2018-12-06 15:28:37'),(16,'Kerluke-Goyette',12117.4,92,94,83,'2018-12-06 15:28:37','2018-12-06 15:28:37'),(17,'Muller-Gleason',1581.1,15,75,15,'2018-12-06 15:28:37','2018-12-06 15:28:37'),(18,'Huels, Tremblay and Hessel',3129.87,55,51,276,'2018-12-06 15:28:37','2018-12-06 15:28:37'),(19,'Lowe-Greenfelder',542.66,26,68,308,'2018-12-06 15:28:37','2018-12-06 15:28:37'),(20,'Runte LLC',12124.1,51,82,130,'2018-12-06 15:28:37','2018-12-06 15:28:37'),(21,'Pagac, Kulas and Lubowitz',4288.3,27,98,337,'2018-12-06 15:28:37','2018-12-06 15:28:37'),(22,'Osinski-Kshlerin',1204.61,35,13,139,'2018-12-06 15:28:37','2018-12-06 15:28:37'),(23,'Kuhn-Jenkins',4526.77,71,24,288,'2018-12-06 15:28:37','2018-12-06 15:28:37'),(24,'Johnson Inc',9932.52,47,44,75,'2018-12-06 15:28:37','2018-12-06 15:28:37'),(25,'Jacobi, Armstrong and Kshlerin',7219.87,75,1,230,'2018-12-06 15:28:37','2018-12-06 15:28:37'),(26,'Walter Inc',14283.6,50,41,134,'2018-12-06 15:28:37','2018-12-06 15:28:37'),(27,'Klocko-Bergnaum',7168.43,54,94,321,'2018-12-06 15:28:37','2018-12-06 15:28:37'),(28,'Johnston-Conn',11435.3,85,86,193,'2018-12-06 15:28:37','2018-12-06 15:28:37'),(29,'Cronin, Kassulke and Simonis',14169.3,30,47,297,'2018-12-06 15:28:37','2018-12-06 15:28:37'),(30,'McGlynn, Tremblay and Hoppe',13715.6,72,35,17,'2018-12-06 15:28:37','2018-12-06 15:28:37'),(31,'Ryan, Bode and Kris',11969.9,44,44,5,'2018-12-06 15:28:37','2018-12-06 15:28:37'),(32,'Upton, Veum and Bergnaum',464.86,52,39,158,'2018-12-06 15:28:37','2018-12-06 15:28:37'),(33,'Bins, Weissnat and Watsica',11952.2,67,42,331,'2018-12-06 15:28:37','2018-12-06 15:28:37'),(34,'Bernier and Sons',13556.4,31,67,217,'2018-12-06 15:28:37','2018-12-06 15:28:37'),(35,'Huels, Feil and Rowe',10420.7,65,20,275,'2018-12-06 15:28:37','2018-12-06 15:28:37'),(36,'Johnston-Daniel',6396.32,94,79,44,'2018-12-06 15:28:37','2018-12-06 15:28:37'),(37,'Rutherford LLC',2331.73,76,36,186,'2018-12-06 15:28:38','2018-12-06 15:28:38'),(38,'Stehr, Upton and Goldner',10600.3,92,61,85,'2018-12-06 15:28:38','2018-12-06 15:28:38'),(39,'Miller-Cartwright',12094.9,27,74,121,'2018-12-06 15:28:38','2018-12-06 15:28:38'),(40,'Kuhlman PLC',8995.82,77,4,244,'2018-12-06 15:28:38','2018-12-06 15:28:38'),(41,'Rutherford, Daugherty and Beer',9103.01,62,20,195,'2018-12-06 15:28:38','2018-12-06 15:28:38'),(42,'Bartoletti PLC',14141.1,57,48,113,'2018-12-06 15:28:38','2018-12-06 15:28:38'),(43,'Heathcote, Hintz and Kunze',1757.91,2,16,352,'2018-12-06 15:28:38','2018-12-06 15:28:38'),(44,'Heller, Metz and Cronin',10892.3,51,12,43,'2018-12-06 15:28:38','2018-12-06 15:28:38'),(45,'Klein-Heller',14322,65,77,180,'2018-12-06 15:28:38','2018-12-06 15:28:38'),(46,'O\'Conner, Russel and Bechtelar',11113.5,35,24,179,'2018-12-06 15:28:38','2018-12-06 15:28:38'),(47,'Carroll Ltd',4601.24,73,71,111,'2018-12-06 15:28:38','2018-12-06 15:28:38'),(48,'Grady-Wisozk',13510.6,89,40,195,'2018-12-06 15:28:38','2018-12-06 15:28:38'),(49,'Funk Ltd',1097.84,40,71,351,'2018-12-06 15:28:38','2018-12-06 15:28:38'),(50,'Larson, Collier and Weber',4983,49,9,70,'2018-12-06 15:28:38','2018-12-06 15:28:38');
/*!40000 ALTER TABLE `productos` ENABLE KEYS */;
UNLOCK TABLES;

--
-- Table structure for table `usuarios`
--

DROP TABLE IF EXISTS `usuarios`;
/*!40101 SET @saved_cs_client     = @@character_set_client */;
/*!40101 SET character_set_client = utf8 */;
CREATE TABLE `usuarios` (
  `id` int(10) unsigned NOT NULL AUTO_INCREMENT,
  `nombre` varchar(100) DEFAULT NULL,
  `apellido` varchar(100) DEFAULT NULL,
  `email` varchar(100) DEFAULT NULL,
  `dni` int(11) DEFAULT NULL,
  `username` varchar(45) NOT NULL,
  `password` varchar(255) DEFAULT NULL,
  `telefono` varchar(45) DEFAULT NULL,
  `fecha_de_nacimiento` date DEFAULT NULL,
  `direccion` varchar(45) DEFAULT NULL,
  `picture` varchar(255) DEFAULT NULL,
  `created_at` timestamp NULL DEFAULT NULL,
  `updated_at` timestamp NULL DEFAULT NULL,
  `email_verified_at` timestamp NULL DEFAULT NULL,
  `remember_token` varchar(100) DEFAULT NULL,
  PRIMARY KEY (`id`),
  UNIQUE KEY `username_UNIQUE` (`username`),
  UNIQUE KEY `dni_UNIQUE` (`dni`),
  UNIQUE KEY `telefono_UNIQUE` (`telefono`)
) ENGINE=InnoDB AUTO_INCREMENT=357 DEFAULT CHARSET=utf8;
/*!40101 SET character_set_client = @saved_cs_client */;

--
-- Dumping data for table `usuarios`
--

LOCK TABLES `usuarios` WRITE;
/*!40000 ALTER TABLE `usuarios` DISABLE KEYS */;
INSERT INTO `usuarios` VALUES (1,'prueba','prueba','prueba@gmail.com',NULL,'prueba@gmail.com','$2y$10$RXVkBzyO2SinE1D1nMX7buNvf4EBhEtJAOUK5ZoAYXZh1DzuROgQS',NULL,NULL,NULL,'FXe7TcluVTZ6Yjdy1r3Clwl04zxqmknvsAdR6LAz.png','2018-11-22 17:25:04','2018-11-22 17:25:04',NULL,'9qU5NUsGEksUfK9h0VuVLtNpmKsA2woh1hhsyShJgWou3KEENH79rPNpCvcN'),(3,'ale','ale','ale@dh.com',NULL,'ale@dh.com','$2y$10$ZqKZXkhPR6Rp17RahSepVeFq7LsIs/ILeyLHw8e.7mU4b.BUUo.iK',NULL,NULL,NULL,'DTsXo5T11nCXcW8h7RsIS53pPppfvgxUl1gqTAkG.png','2018-11-22 18:37:06','2018-11-22 18:37:06',NULL,'xKDGYz8id8RdQO6kbhGoHWMDWcQYIcd07jrVME00Xmmk6hu0bpvS4b0isMp0'),(4,'alev','alev','alev@gmail.com',NULL,'alev@gmail.com','$2y$10$RcUtb4sspcMOSv.6n5QFLOMF9O57X.6jwUQL3yx3PWpeFHCN5GFY6',NULL,NULL,NULL,'MgBz8hmu52oOY5oWqVYpOHJN5t2nIO3VfNVj7hcX.png','2018-11-22 18:42:07','2018-11-22 18:42:07',NULL,'ok17QfVVEPX4tNXtQCv4yD5krHvzeMl9tLMAAJdwmqVzMztFev8uR24ju3wj'),(5,'alev','alev','alev@dh.com',NULL,'alev@dh.com','$2y$10$E8YAO4PtSRkaw/ZbY4of7etsUwXvf2Rd4/dp2tfa7poHcytiZDu.q',NULL,NULL,NULL,'f0v2GVny9jE8qY0nXU4gnu0pRyd5RLa6OWAXECtS.png','2018-11-22 18:47:37','2018-11-22 18:47:37',NULL,NULL),(6,'grego','reche','reche@yo.com',NULL,'reche@yo.com','$2y$10$LDY0uKkWIuuh6D8sb1ivYe3GXKHGBxJYkytbP62AMrI/WO8iAlQoW',NULL,NULL,NULL,'KjKdiqf2DX5rPi1ctvIq8GAcRosGDut2CHzvsmBu.jpeg','2018-11-27 16:20:02','2018-11-27 16:20:02',NULL,'ef1SWUzjowGuvUV0jYWMvbHCrRyetXl6FLIs0TA0jdlVRFk3B63GqGie1bGI'),(7,'Aletha Schinner','Mrs. Edythe Orn','myrtis51@example.net',57934911,'myrtis51@example.net','$2y$10$TKh8H1.PfQx37YgCzwiKb.KjNyWgaHb9cbcoQgdIVFlYg7B77UdFm',NULL,NULL,NULL,NULL,'2018-12-06 18:03:52','2018-12-06 18:03:52','2018-12-06 18:03:51','E8kmBjzYLy'),(8,'Miss Aletha Balistreri DDS','Brendon Farrell','kaylee07@example.net',64764851,'kaylee07@example.net','$2y$10$TKh8H1.PfQx37YgCzwiKb.KjNyWgaHb9cbcoQgdIVFlYg7B77UdFm',NULL,NULL,NULL,NULL,'2018-12-06 18:03:52','2018-12-06 18:03:52','2018-12-06 18:03:51','OMt8LZA9Mc'),(9,'Gennaro Cremin','Marcus Franecki Sr.','schaden.cleo@example.net',55041239,'schaden.cleo@example.net','$2y$10$TKh8H1.PfQx37YgCzwiKb.KjNyWgaHb9cbcoQgdIVFlYg7B77UdFm',NULL,NULL,NULL,NULL,'2018-12-06 18:03:52','2018-12-06 18:03:52','2018-12-06 18:03:51','2Mt8feJ8VQ'),(10,'Jedidiah Auer','Fatima Stamm','janis33@example.com',36767204,'janis33@example.com','$2y$10$TKh8H1.PfQx37YgCzwiKb.KjNyWgaHb9cbcoQgdIVFlYg7B77UdFm',NULL,NULL,NULL,NULL,'2018-12-06 18:03:52','2018-12-06 18:03:52','2018-12-06 18:03:51','tN5WFB7SpY'),(11,'Queen White','Armando Bahringer','wkshlerin@example.org',54815173,'wkshlerin@example.org','$2y$10$TKh8H1.PfQx37YgCzwiKb.KjNyWgaHb9cbcoQgdIVFlYg7B77UdFm',NULL,NULL,NULL,NULL,'2018-12-06 18:03:52','2018-12-06 18:03:52','2018-12-06 18:03:51','Mj6xTrHqks'),(12,'Alysa Schaefer','Rod Monahan','isobel22@example.net',81682603,'isobel22@example.net','$2y$10$TKh8H1.PfQx37YgCzwiKb.KjNyWgaHb9cbcoQgdIVFlYg7B77UdFm',NULL,NULL,NULL,NULL,'2018-12-06 18:03:52','2018-12-06 18:03:52','2018-12-06 18:03:51','9XNqdqR2Hk'),(13,'Jo Bayer DDS','Chelsey Hermann','dale32@example.org',71510233,'dale32@example.org','$2y$10$TKh8H1.PfQx37YgCzwiKb.KjNyWgaHb9cbcoQgdIVFlYg7B77UdFm',NULL,NULL,NULL,NULL,'2018-12-06 18:03:52','2018-12-06 18:03:52','2018-12-06 18:03:51','FLqwNFUBBS'),(14,'Mrs. Ivory Dooley','Miss Burnice Heaney','blanca04@example.org',91058929,'blanca04@example.org','$2y$10$TKh8H1.PfQx37YgCzwiKb.KjNyWgaHb9cbcoQgdIVFlYg7B77UdFm',NULL,NULL,NULL,NULL,'2018-12-06 18:03:52','2018-12-06 18:03:52','2018-12-06 18:03:51','zpNc2yNW3b'),(15,'Dr. Jazmyne Mante V','Prof. Joyce Green','theresa00@example.com',19080226,'theresa00@example.com','$2y$10$TKh8H1.PfQx37YgCzwiKb.KjNyWgaHb9cbcoQgdIVFlYg7B77UdFm',NULL,NULL,NULL,NULL,'2018-12-06 18:03:52','2018-12-06 18:03:52','2018-12-06 18:03:51','IuPmRi2bJT'),(16,'Emile Morissette','Leola Mante','garrick.waelchi@example.com',13621078,'garrick.waelchi@example.com','$2y$10$TKh8H1.PfQx37YgCzwiKb.KjNyWgaHb9cbcoQgdIVFlYg7B77UdFm',NULL,NULL,NULL,NULL,'2018-12-06 18:03:52','2018-12-06 18:03:52','2018-12-06 18:03:51','3vIRATJSKE'),(17,'Brook Roob','Susana Schimmel','cassin.carey@example.com',64024574,'cassin.carey@example.com','$2y$10$TKh8H1.PfQx37YgCzwiKb.KjNyWgaHb9cbcoQgdIVFlYg7B77UdFm',NULL,NULL,NULL,NULL,'2018-12-06 18:03:52','2018-12-06 18:03:52','2018-12-06 18:03:51','T1sbxIM5bW'),(18,'Dr. Darlene O\'Kon','Guy Reinger','arvel94@example.com',48465015,'arvel94@example.com','$2y$10$TKh8H1.PfQx37YgCzwiKb.KjNyWgaHb9cbcoQgdIVFlYg7B77UdFm',NULL,NULL,NULL,NULL,'2018-12-06 18:03:52','2018-12-06 18:03:52','2018-12-06 18:03:51','32CWXN4xba'),(19,'Rose Adams','Linda Johns','name.bayer@example.net',45412221,'name.bayer@example.net','$2y$10$TKh8H1.PfQx37YgCzwiKb.KjNyWgaHb9cbcoQgdIVFlYg7B77UdFm',NULL,NULL,NULL,NULL,'2018-12-06 18:03:52','2018-12-06 18:03:52','2018-12-06 18:03:51','jjXt2G6fpH'),(20,'Lyda Crona DVM','Emmet Pollich','brant.ortiz@example.com',21996092,'brant.ortiz@example.com','$2y$10$TKh8H1.PfQx37YgCzwiKb.KjNyWgaHb9cbcoQgdIVFlYg7B77UdFm',NULL,NULL,NULL,NULL,'2018-12-06 18:03:52','2018-12-06 18:03:52','2018-12-06 18:03:51','uoSQHNfxBA'),(21,'Zachery Jones','Maia Schulist','hanna37@example.org',35576510,'hanna37@example.org','$2y$10$TKh8H1.PfQx37YgCzwiKb.KjNyWgaHb9cbcoQgdIVFlYg7B77UdFm',NULL,NULL,NULL,NULL,'2018-12-06 18:03:52','2018-12-06 18:03:52','2018-12-06 18:03:51','5IXUJdH0Py'),(22,'Jevon Stehr DDS','Myrtie Reilly','marcelo.treutel@example.org',92605831,'marcelo.treutel@example.org','$2y$10$TKh8H1.PfQx37YgCzwiKb.KjNyWgaHb9cbcoQgdIVFlYg7B77UdFm',NULL,NULL,NULL,NULL,'2018-12-06 18:03:52','2018-12-06 18:03:52','2018-12-06 18:03:51','8NrldVHeW5'),(23,'Mariano Robel','Prof. Abbie Torphy','adrien79@example.com',85692619,'adrien79@example.com','$2y$10$TKh8H1.PfQx37YgCzwiKb.KjNyWgaHb9cbcoQgdIVFlYg7B77UdFm',NULL,NULL,NULL,NULL,'2018-12-06 18:03:52','2018-12-06 18:03:52','2018-12-06 18:03:51','BtpmVgfo6p'),(24,'Presley Mraz','Prof. Ernestine Murray','sauer.destiny@example.com',71172945,'sauer.destiny@example.com','$2y$10$TKh8H1.PfQx37YgCzwiKb.KjNyWgaHb9cbcoQgdIVFlYg7B77UdFm',NULL,NULL,NULL,NULL,'2018-12-06 18:03:53','2018-12-06 18:03:53','2018-12-06 18:03:51','1poQ8ACMDf'),(25,'Terrence Franecki','Judge Jenkins','hahn.kennedy@example.net',20527839,'hahn.kennedy@example.net','$2y$10$TKh8H1.PfQx37YgCzwiKb.KjNyWgaHb9cbcoQgdIVFlYg7B77UdFm',NULL,NULL,NULL,NULL,'2018-12-06 18:03:53','2018-12-06 18:03:53','2018-12-06 18:03:51','OKkkaewcbc'),(26,'Erica Jacobson III','Norris Balistreri','xmuller@example.org',25386557,'xmuller@example.org','$2y$10$TKh8H1.PfQx37YgCzwiKb.KjNyWgaHb9cbcoQgdIVFlYg7B77UdFm',NULL,NULL,NULL,NULL,'2018-12-06 18:03:53','2018-12-06 18:03:53','2018-12-06 18:03:51','U4v2YiqgOX'),(27,'Prof. Mackenzie Leffler DDS','Lula Gorczany','ephraim.feest@example.com',63978720,'ephraim.feest@example.com','$2y$10$TKh8H1.PfQx37YgCzwiKb.KjNyWgaHb9cbcoQgdIVFlYg7B77UdFm',NULL,NULL,NULL,NULL,'2018-12-06 18:03:53','2018-12-06 18:03:53','2018-12-06 18:03:51','YByB15n2wC'),(28,'Bert Kuphal','Delphia Carter','koepp.garret@example.org',55113367,'koepp.garret@example.org','$2y$10$TKh8H1.PfQx37YgCzwiKb.KjNyWgaHb9cbcoQgdIVFlYg7B77UdFm',NULL,NULL,NULL,NULL,'2018-12-06 18:03:53','2018-12-06 18:03:53','2018-12-06 18:03:51','f7fzQiRTDC'),(29,'Sydnie Cummerata','Kacie Hauck','ondricka.eliza@example.org',98676374,'ondricka.eliza@example.org','$2y$10$TKh8H1.PfQx37YgCzwiKb.KjNyWgaHb9cbcoQgdIVFlYg7B77UdFm',NULL,NULL,NULL,NULL,'2018-12-06 18:03:53','2018-12-06 18:03:53','2018-12-06 18:03:51','jOTwX55MxM'),(30,'Ardella Rice','Maybelle Jaskolski','micheal00@example.com',25348637,'micheal00@example.com','$2y$10$TKh8H1.PfQx37YgCzwiKb.KjNyWgaHb9cbcoQgdIVFlYg7B77UdFm',NULL,NULL,NULL,NULL,'2018-12-06 18:03:53','2018-12-06 18:03:53','2018-12-06 18:03:51','Qw9ehvYc9M'),(31,'Heloise O\'Keefe','Filomena Carroll','jeffry85@example.net',78242171,'jeffry85@example.net','$2y$10$TKh8H1.PfQx37YgCzwiKb.KjNyWgaHb9cbcoQgdIVFlYg7B77UdFm',NULL,NULL,NULL,NULL,'2018-12-06 18:03:53','2018-12-06 18:03:53','2018-12-06 18:03:51','FOEfRxD7pm'),(32,'Alec Jaskolski','Mr. Kip Lesch','imayert@example.org',94932266,'imayert@example.org','$2y$10$TKh8H1.PfQx37YgCzwiKb.KjNyWgaHb9cbcoQgdIVFlYg7B77UdFm',NULL,NULL,NULL,NULL,'2018-12-06 18:03:53','2018-12-06 18:03:53','2018-12-06 18:03:51','iTSedhHUZT'),(33,'Melyna Streich','Adrian Deckow V','kuvalis.lue@example.net',92561908,'kuvalis.lue@example.net','$2y$10$TKh8H1.PfQx37YgCzwiKb.KjNyWgaHb9cbcoQgdIVFlYg7B77UdFm',NULL,NULL,NULL,NULL,'2018-12-06 18:03:53','2018-12-06 18:03:53','2018-12-06 18:03:51','eHhxtwnosV'),(34,'Prof. Merle Jast Sr.','Jade Streich','gspencer@example.org',79163529,'gspencer@example.org','$2y$10$TKh8H1.PfQx37YgCzwiKb.KjNyWgaHb9cbcoQgdIVFlYg7B77UdFm',NULL,NULL,NULL,NULL,'2018-12-06 18:03:53','2018-12-06 18:03:53','2018-12-06 18:03:51','lDqob2kqM3'),(35,'Jena Hahn','Keshaun Beatty','maximillia93@example.org',45856008,'maximillia93@example.org','$2y$10$TKh8H1.PfQx37YgCzwiKb.KjNyWgaHb9cbcoQgdIVFlYg7B77UdFm',NULL,NULL,NULL,NULL,'2018-12-06 18:03:53','2018-12-06 18:03:53','2018-12-06 18:03:51','uhXFzsAM0L'),(36,'Laverna Harris','Albin Wolff III','broderick.rowe@example.org',13903167,'broderick.rowe@example.org','$2y$10$TKh8H1.PfQx37YgCzwiKb.KjNyWgaHb9cbcoQgdIVFlYg7B77UdFm',NULL,NULL,NULL,NULL,'2018-12-06 18:03:53','2018-12-06 18:03:53','2018-12-06 18:03:51','KGeBatqeN5'),(37,'Destinee Hickle','Demetrius Crona','cole.ludie@example.com',44975493,'cole.ludie@example.com','$2y$10$TKh8H1.PfQx37YgCzwiKb.KjNyWgaHb9cbcoQgdIVFlYg7B77UdFm',NULL,NULL,NULL,NULL,'2018-12-06 18:03:53','2018-12-06 18:03:53','2018-12-06 18:03:52','q62CGcdknj'),(38,'Ms. Chasity Baumbach','Mrs. Rhoda Waelchi','tkeebler@example.net',78565188,'tkeebler@example.net','$2y$10$TKh8H1.PfQx37YgCzwiKb.KjNyWgaHb9cbcoQgdIVFlYg7B77UdFm',NULL,NULL,NULL,NULL,'2018-12-06 18:03:53','2018-12-06 18:03:53','2018-12-06 18:03:52','aWnwjoJd35'),(39,'Wayne Sauer','Melyna Renner','rico21@example.net',44776164,'rico21@example.net','$2y$10$TKh8H1.PfQx37YgCzwiKb.KjNyWgaHb9cbcoQgdIVFlYg7B77UdFm',NULL,NULL,NULL,NULL,'2018-12-06 18:03:53','2018-12-06 18:03:53','2018-12-06 18:03:52','R1XqB2QUDO'),(40,'Aleen Leuschke MD','Marion Senger','znitzsche@example.net',52601667,'znitzsche@example.net','$2y$10$TKh8H1.PfQx37YgCzwiKb.KjNyWgaHb9cbcoQgdIVFlYg7B77UdFm',NULL,NULL,NULL,NULL,'2018-12-06 18:03:53','2018-12-06 18:03:53','2018-12-06 18:03:52','YYTOqByoem'),(41,'Dewayne Feil DDS','Dr. Emil Kulas','xcollier@example.net',79443824,'xcollier@example.net','$2y$10$TKh8H1.PfQx37YgCzwiKb.KjNyWgaHb9cbcoQgdIVFlYg7B77UdFm',NULL,NULL,NULL,NULL,'2018-12-06 18:03:53','2018-12-06 18:03:53','2018-12-06 18:03:52','dMJSjyhSlN'),(42,'Dr. Laron Runolfsson','Tyrell O\'Keefe MD','marjolaine75@example.org',54592750,'marjolaine75@example.org','$2y$10$TKh8H1.PfQx37YgCzwiKb.KjNyWgaHb9cbcoQgdIVFlYg7B77UdFm',NULL,NULL,NULL,NULL,'2018-12-06 18:03:53','2018-12-06 18:03:53','2018-12-06 18:03:52','zrsSDWBhkQ'),(43,'Randy Mills','Maxime Lubowitz','hkessler@example.org',46950774,'hkessler@example.org','$2y$10$TKh8H1.PfQx37YgCzwiKb.KjNyWgaHb9cbcoQgdIVFlYg7B77UdFm',NULL,NULL,NULL,NULL,'2018-12-06 18:03:53','2018-12-06 18:03:53','2018-12-06 18:03:52','v7LUH6a90d'),(44,'Randi Ernser','Ari Prohaska PhD','amanda.stiedemann@example.net',37356598,'amanda.stiedemann@example.net','$2y$10$TKh8H1.PfQx37YgCzwiKb.KjNyWgaHb9cbcoQgdIVFlYg7B77UdFm',NULL,NULL,NULL,NULL,'2018-12-06 18:03:53','2018-12-06 18:03:53','2018-12-06 18:03:52','m50UWba3Q7'),(45,'Pattie Stanton DDS','Miss Coralie Bednar PhD','idach@example.net',76465059,'idach@example.net','$2y$10$TKh8H1.PfQx37YgCzwiKb.KjNyWgaHb9cbcoQgdIVFlYg7B77UdFm',NULL,NULL,NULL,NULL,'2018-12-06 18:03:53','2018-12-06 18:03:53','2018-12-06 18:03:52','Ma4l1pRRJc'),(46,'Lilyan Funk PhD','Kaley Crist','barrows.jared@example.org',33786517,'barrows.jared@example.org','$2y$10$TKh8H1.PfQx37YgCzwiKb.KjNyWgaHb9cbcoQgdIVFlYg7B77UdFm',NULL,NULL,NULL,NULL,'2018-12-06 18:03:54','2018-12-06 18:03:54','2018-12-06 18:03:52','QTNdVjZqCO'),(47,'Prof. Deon Emmerich MD','Nicolette Schaefer','theresia87@example.com',51074659,'theresia87@example.com','$2y$10$TKh8H1.PfQx37YgCzwiKb.KjNyWgaHb9cbcoQgdIVFlYg7B77UdFm',NULL,NULL,NULL,NULL,'2018-12-06 18:03:54','2018-12-06 18:03:54','2018-12-06 18:03:52','k9OaS3eqpV'),(48,'Shirley Cassin','Demarco Hessel III','romaguera.cornell@example.net',41896260,'romaguera.cornell@example.net','$2y$10$TKh8H1.PfQx37YgCzwiKb.KjNyWgaHb9cbcoQgdIVFlYg7B77UdFm',NULL,NULL,NULL,NULL,'2018-12-06 18:03:54','2018-12-06 18:03:54','2018-12-06 18:03:52','e2muhPa0DJ'),(49,'Dr. Jaydon Fadel V','Millie Bogisich','freeman.keeling@example.com',91558150,'freeman.keeling@example.com','$2y$10$TKh8H1.PfQx37YgCzwiKb.KjNyWgaHb9cbcoQgdIVFlYg7B77UdFm',NULL,NULL,NULL,NULL,'2018-12-06 18:03:54','2018-12-06 18:03:54','2018-12-06 18:03:52','LYqunFb4zc'),(50,'Bailey Hegmann','Laury Lind Sr.','tiara56@example.org',78858546,'tiara56@example.org','$2y$10$TKh8H1.PfQx37YgCzwiKb.KjNyWgaHb9cbcoQgdIVFlYg7B77UdFm',NULL,NULL,NULL,NULL,'2018-12-06 18:03:54','2018-12-06 18:03:54','2018-12-06 18:03:52','qK6m98T9vi'),(51,'Nedra Schmidt','Dr. Beatrice Wiegand II','jherman@example.net',49367365,'jherman@example.net','$2y$10$TKh8H1.PfQx37YgCzwiKb.KjNyWgaHb9cbcoQgdIVFlYg7B77UdFm',NULL,NULL,NULL,NULL,'2018-12-06 18:03:54','2018-12-06 18:03:54','2018-12-06 18:03:52','jd7EkwxAV3'),(52,'Dr. Austen Cartwright DVM','Gerry Pagac V','doyle.marilie@example.com',49978404,'doyle.marilie@example.com','$2y$10$TKh8H1.PfQx37YgCzwiKb.KjNyWgaHb9cbcoQgdIVFlYg7B77UdFm',NULL,NULL,NULL,NULL,'2018-12-06 18:03:54','2018-12-06 18:03:54','2018-12-06 18:03:52','WjIUWaAZGo'),(53,'Eula Howe I','Velma Leannon Sr.','schoen.alexandra@example.net',20787473,'schoen.alexandra@example.net','$2y$10$TKh8H1.PfQx37YgCzwiKb.KjNyWgaHb9cbcoQgdIVFlYg7B77UdFm',NULL,NULL,NULL,NULL,'2018-12-06 18:03:54','2018-12-06 18:03:54','2018-12-06 18:03:52','qawUUpts6x'),(54,'Judah Leannon I','Mr. Rory Durgan','mccullough.chelsea@example.net',50386115,'mccullough.chelsea@example.net','$2y$10$TKh8H1.PfQx37YgCzwiKb.KjNyWgaHb9cbcoQgdIVFlYg7B77UdFm',NULL,NULL,NULL,NULL,'2018-12-06 18:03:54','2018-12-06 18:03:54','2018-12-06 18:03:52','wWNAJT9yKN'),(55,'Stanton Jakubowski','Prof. Santino Frami','gabriel63@example.org',54172835,'gabriel63@example.org','$2y$10$TKh8H1.PfQx37YgCzwiKb.KjNyWgaHb9cbcoQgdIVFlYg7B77UdFm',NULL,NULL,NULL,NULL,'2018-12-06 18:03:54','2018-12-06 18:03:54','2018-12-06 18:03:52','6DTeo7yyZH'),(56,'Dagmar VonRueden','Dana Kassulke','bernardo76@example.com',71032357,'bernardo76@example.com','$2y$10$TKh8H1.PfQx37YgCzwiKb.KjNyWgaHb9cbcoQgdIVFlYg7B77UdFm',NULL,NULL,NULL,NULL,'2018-12-06 18:03:54','2018-12-06 18:03:54','2018-12-06 18:03:52','3xxPXfPXI4'),(57,'Julien Smitham','Mrs. Theodora Nienow I','katelin.hoeger@example.net',54924190,'katelin.hoeger@example.net','$2y$10$TKh8H1.PfQx37YgCzwiKb.KjNyWgaHb9cbcoQgdIVFlYg7B77UdFm',NULL,NULL,NULL,NULL,'2018-12-06 18:06:40','2018-12-06 18:06:40','2018-12-06 18:06:40','HbVuXkAswt'),(58,'Miss Nona Klein DDS','Kamille Wyman','pasquale.gerlach@example.net',89555385,'pasquale.gerlach@example.net','$2y$10$TKh8H1.PfQx37YgCzwiKb.KjNyWgaHb9cbcoQgdIVFlYg7B77UdFm',NULL,NULL,NULL,NULL,'2018-12-06 18:06:41','2018-12-06 18:06:41','2018-12-06 18:06:40','SyXO75aRLg'),(59,'Estel Reynolds','Makenna Grimes','mclaughlin.viola@example.net',74218580,'mclaughlin.viola@example.net','$2y$10$TKh8H1.PfQx37YgCzwiKb.KjNyWgaHb9cbcoQgdIVFlYg7B77UdFm',NULL,NULL,NULL,NULL,'2018-12-06 18:06:41','2018-12-06 18:06:41','2018-12-06 18:06:40','zvKCJezNN1'),(60,'Grady Stanton DDS','Justen Beer DVM','danial.stamm@example.org',33187555,'danial.stamm@example.org','$2y$10$TKh8H1.PfQx37YgCzwiKb.KjNyWgaHb9cbcoQgdIVFlYg7B77UdFm',NULL,NULL,NULL,NULL,'2018-12-06 18:06:41','2018-12-06 18:06:41','2018-12-06 18:06:40','rcoOGQRAh3'),(61,'Eugene Leannon II','Brandon Rau Sr.','carolanne91@example.com',12970877,'carolanne91@example.com','$2y$10$TKh8H1.PfQx37YgCzwiKb.KjNyWgaHb9cbcoQgdIVFlYg7B77UdFm',NULL,NULL,NULL,NULL,'2018-12-06 18:06:41','2018-12-06 18:06:41','2018-12-06 18:06:40','biGby36MJM'),(62,'Torrey Huels','Edgardo Larson','njohnston@example.com',56237028,'njohnston@example.com','$2y$10$TKh8H1.PfQx37YgCzwiKb.KjNyWgaHb9cbcoQgdIVFlYg7B77UdFm',NULL,NULL,NULL,NULL,'2018-12-06 18:06:41','2018-12-06 18:06:41','2018-12-06 18:06:40','vqYzACutpR'),(63,'Kelvin Rohan','Elaina Olson','karli.haag@example.net',61318429,'karli.haag@example.net','$2y$10$TKh8H1.PfQx37YgCzwiKb.KjNyWgaHb9cbcoQgdIVFlYg7B77UdFm',NULL,NULL,NULL,NULL,'2018-12-06 18:06:41','2018-12-06 18:06:41','2018-12-06 18:06:40','LxZsyMBYov'),(64,'Estelle Towne','Ms. Ocie Jenkins','deborah52@example.net',50766466,'deborah52@example.net','$2y$10$TKh8H1.PfQx37YgCzwiKb.KjNyWgaHb9cbcoQgdIVFlYg7B77UdFm',NULL,NULL,NULL,NULL,'2018-12-06 18:06:41','2018-12-06 18:06:41','2018-12-06 18:06:40','s8EYUJCgta'),(65,'Elmore Wehner','Caesar Maggio III','maxie.heidenreich@example.org',27482669,'maxie.heidenreich@example.org','$2y$10$TKh8H1.PfQx37YgCzwiKb.KjNyWgaHb9cbcoQgdIVFlYg7B77UdFm',NULL,NULL,NULL,NULL,'2018-12-06 18:06:41','2018-12-06 18:06:41','2018-12-06 18:06:40','aemfCujZvU'),(66,'Amos Mertz I','Abby Hills','heller.annabelle@example.net',79779934,'heller.annabelle@example.net','$2y$10$TKh8H1.PfQx37YgCzwiKb.KjNyWgaHb9cbcoQgdIVFlYg7B77UdFm',NULL,NULL,NULL,NULL,'2018-12-06 18:06:41','2018-12-06 18:06:41','2018-12-06 18:06:40','AAxn74T5hc'),(67,'Giovanni Tremblay Sr.','Miss Madelynn Rice MD','clark89@example.com',90337930,'clark89@example.com','$2y$10$TKh8H1.PfQx37YgCzwiKb.KjNyWgaHb9cbcoQgdIVFlYg7B77UdFm',NULL,NULL,NULL,NULL,'2018-12-06 18:06:41','2018-12-06 18:06:41','2018-12-06 18:06:40','qXXQIHCbB5'),(68,'Ms. Tabitha O\'Conner III','Prof. Sylvester Stark II','gust.crona@example.com',59993703,'gust.crona@example.com','$2y$10$TKh8H1.PfQx37YgCzwiKb.KjNyWgaHb9cbcoQgdIVFlYg7B77UdFm',NULL,NULL,NULL,NULL,'2018-12-06 18:06:41','2018-12-06 18:06:41','2018-12-06 18:06:40','Jo56hFVjOZ'),(69,'Prof. Kendrick Mayert','Mr. Geovanni Mitchell V','dooley.oda@example.com',27018567,'dooley.oda@example.com','$2y$10$TKh8H1.PfQx37YgCzwiKb.KjNyWgaHb9cbcoQgdIVFlYg7B77UdFm',NULL,NULL,NULL,NULL,'2018-12-06 18:06:41','2018-12-06 18:06:41','2018-12-06 18:06:40','bwB6IzeiL4'),(70,'Margot Runte DVM','Miss Eunice VonRueden I','sheldon.kuvalis@example.com',22052815,'sheldon.kuvalis@example.com','$2y$10$TKh8H1.PfQx37YgCzwiKb.KjNyWgaHb9cbcoQgdIVFlYg7B77UdFm',NULL,NULL,NULL,NULL,'2018-12-06 18:06:41','2018-12-06 18:06:41','2018-12-06 18:06:40','S3EtyqRRIX'),(71,'Ms. Katlynn Witting PhD','Kenya Bednar III','homenick.chris@example.com',39155764,'homenick.chris@example.com','$2y$10$TKh8H1.PfQx37YgCzwiKb.KjNyWgaHb9cbcoQgdIVFlYg7B77UdFm',NULL,NULL,NULL,NULL,'2018-12-06 18:06:41','2018-12-06 18:06:41','2018-12-06 18:06:40','RsdhD7BaGu'),(72,'Fae Schneider III','Prof. Titus Greenfelder','rosenbaum.marlee@example.com',28951289,'rosenbaum.marlee@example.com','$2y$10$TKh8H1.PfQx37YgCzwiKb.KjNyWgaHb9cbcoQgdIVFlYg7B77UdFm',NULL,NULL,NULL,NULL,'2018-12-06 18:06:41','2018-12-06 18:06:41','2018-12-06 18:06:40','ptRCt6Bvmo'),(73,'Lucy Crooks II','Francis Zboncak','gertrude.bartoletti@example.net',49704440,'gertrude.bartoletti@example.net','$2y$10$TKh8H1.PfQx37YgCzwiKb.KjNyWgaHb9cbcoQgdIVFlYg7B77UdFm',NULL,NULL,NULL,NULL,'2018-12-06 18:06:41','2018-12-06 18:06:41','2018-12-06 18:06:40','Fwg0ePzqza'),(74,'Vida Rogahn','Vance Spinka','zulauf.aaron@example.net',35020239,'zulauf.aaron@example.net','$2y$10$TKh8H1.PfQx37YgCzwiKb.KjNyWgaHb9cbcoQgdIVFlYg7B77UdFm',NULL,NULL,NULL,NULL,'2018-12-06 18:06:41','2018-12-06 18:06:41','2018-12-06 18:06:40','SVE4MhQmOi'),(75,'Jerald Gusikowski','Prof. Francis Hamill II','lynn.bartoletti@example.net',56594819,'lynn.bartoletti@example.net','$2y$10$TKh8H1.PfQx37YgCzwiKb.KjNyWgaHb9cbcoQgdIVFlYg7B77UdFm',NULL,NULL,NULL,NULL,'2018-12-06 18:06:41','2018-12-06 18:06:41','2018-12-06 18:06:40','QICMzYOwnS'),(76,'Clotilde Kohler','Bobby Gaylord V','king.liza@example.com',93763683,'king.liza@example.com','$2y$10$TKh8H1.PfQx37YgCzwiKb.KjNyWgaHb9cbcoQgdIVFlYg7B77UdFm',NULL,NULL,NULL,NULL,'2018-12-06 18:06:41','2018-12-06 18:06:41','2018-12-06 18:06:40','mQkTdycSqm'),(77,'Prof. Jude Wunsch III','Maye Lemke','savanna.haag@example.net',94590890,'savanna.haag@example.net','$2y$10$TKh8H1.PfQx37YgCzwiKb.KjNyWgaHb9cbcoQgdIVFlYg7B77UdFm',NULL,NULL,NULL,NULL,'2018-12-06 18:06:41','2018-12-06 18:06:41','2018-12-06 18:06:40','S7fssoKQIX'),(78,'Dustin Hane','Maxine Considine','xromaguera@example.com',83394680,'xromaguera@example.com','$2y$10$TKh8H1.PfQx37YgCzwiKb.KjNyWgaHb9cbcoQgdIVFlYg7B77UdFm',NULL,NULL,NULL,NULL,'2018-12-06 18:06:41','2018-12-06 18:06:41','2018-12-06 18:06:40','xH2BRI7mns'),(79,'Ms. Aylin Hermann Sr.','Lesley Johnson','brianne.farrell@example.com',17700553,'brianne.farrell@example.com','$2y$10$TKh8H1.PfQx37YgCzwiKb.KjNyWgaHb9cbcoQgdIVFlYg7B77UdFm',NULL,NULL,NULL,NULL,'2018-12-06 18:06:42','2018-12-06 18:06:42','2018-12-06 18:06:40','i8ZMJBnzDN'),(80,'Ms. Kelly Effertz','Jamie Rolfson','iva.rohan@example.org',69993488,'iva.rohan@example.org','$2y$10$TKh8H1.PfQx37YgCzwiKb.KjNyWgaHb9cbcoQgdIVFlYg7B77UdFm',NULL,NULL,NULL,NULL,'2018-12-06 18:06:42','2018-12-06 18:06:42','2018-12-06 18:06:40','MXPI4hTIt0'),(81,'Norbert Hamill','Olga Skiles','tbruen@example.org',95888051,'tbruen@example.org','$2y$10$TKh8H1.PfQx37YgCzwiKb.KjNyWgaHb9cbcoQgdIVFlYg7B77UdFm',NULL,NULL,NULL,NULL,'2018-12-06 18:06:42','2018-12-06 18:06:42','2018-12-06 18:06:40','H7h5Wy50pg'),(82,'Mr. Kamryn Fritsch PhD','Shanie Morar','aerdman@example.com',28191473,'aerdman@example.com','$2y$10$TKh8H1.PfQx37YgCzwiKb.KjNyWgaHb9cbcoQgdIVFlYg7B77UdFm',NULL,NULL,NULL,NULL,'2018-12-06 18:06:42','2018-12-06 18:06:42','2018-12-06 18:06:40','ylw8nvxkS7'),(83,'Leslie Huel PhD','Mr. Justice Beatty PhD','madisyn10@example.com',60140307,'madisyn10@example.com','$2y$10$TKh8H1.PfQx37YgCzwiKb.KjNyWgaHb9cbcoQgdIVFlYg7B77UdFm',NULL,NULL,NULL,NULL,'2018-12-06 18:06:42','2018-12-06 18:06:42','2018-12-06 18:06:40','sBgBoGl452'),(84,'Prof. Dax Heller','Tess Corkery','sydnee.okon@example.com',61321273,'sydnee.okon@example.com','$2y$10$TKh8H1.PfQx37YgCzwiKb.KjNyWgaHb9cbcoQgdIVFlYg7B77UdFm',NULL,NULL,NULL,NULL,'2018-12-06 18:06:42','2018-12-06 18:06:42','2018-12-06 18:06:40','5GkJKmqdvn'),(85,'Kellie Kessler','Hollis Lind','ckunde@example.com',35099062,'ckunde@example.com','$2y$10$TKh8H1.PfQx37YgCzwiKb.KjNyWgaHb9cbcoQgdIVFlYg7B77UdFm',NULL,NULL,NULL,NULL,'2018-12-06 18:06:42','2018-12-06 18:06:42','2018-12-06 18:06:40','pOXFZ00RRg'),(86,'Dominique Grady','Susan Hahn V','trantow.alejandra@example.net',42868602,'trantow.alejandra@example.net','$2y$10$TKh8H1.PfQx37YgCzwiKb.KjNyWgaHb9cbcoQgdIVFlYg7B77UdFm',NULL,NULL,NULL,NULL,'2018-12-06 18:06:42','2018-12-06 18:06:42','2018-12-06 18:06:40','1Vu9dGa1Rb'),(87,'Angela Hilpert','Hugh Fahey','bonita.purdy@example.com',35958188,'bonita.purdy@example.com','$2y$10$TKh8H1.PfQx37YgCzwiKb.KjNyWgaHb9cbcoQgdIVFlYg7B77UdFm',NULL,NULL,NULL,NULL,'2018-12-06 18:06:42','2018-12-06 18:06:42','2018-12-06 18:06:40','LSFoXuL01c'),(88,'Alayna Huels','Mr. Kamryn Cummings II','shanon42@example.com',24024070,'shanon42@example.com','$2y$10$TKh8H1.PfQx37YgCzwiKb.KjNyWgaHb9cbcoQgdIVFlYg7B77UdFm',NULL,NULL,NULL,NULL,'2018-12-06 18:06:42','2018-12-06 18:06:42','2018-12-06 18:06:40','V8P8yxL1VX'),(89,'Prof. Arvid Kling','Doris Olson DVM','hhessel@example.org',25106725,'hhessel@example.org','$2y$10$TKh8H1.PfQx37YgCzwiKb.KjNyWgaHb9cbcoQgdIVFlYg7B77UdFm',NULL,NULL,NULL,NULL,'2018-12-06 18:06:42','2018-12-06 18:06:42','2018-12-06 18:06:40','QgyJ5BWIN7'),(90,'Dr. Rachael Bode','Elnora Schuster','houston57@example.net',59874722,'houston57@example.net','$2y$10$TKh8H1.PfQx37YgCzwiKb.KjNyWgaHb9cbcoQgdIVFlYg7B77UdFm',NULL,NULL,NULL,NULL,'2018-12-06 18:06:42','2018-12-06 18:06:42','2018-12-06 18:06:40','KB2vVw7PmI'),(91,'Sincere Schmitt','Giuseppe Little','treutel.christiana@example.com',74483334,'treutel.christiana@example.com','$2y$10$TKh8H1.PfQx37YgCzwiKb.KjNyWgaHb9cbcoQgdIVFlYg7B77UdFm',NULL,NULL,NULL,NULL,'2018-12-06 18:06:42','2018-12-06 18:06:42','2018-12-06 18:06:40','fjtz5FQiwN'),(92,'Summer Grady','Mr. Jasen Stoltenberg DVM','isac89@example.org',74493522,'isac89@example.org','$2y$10$TKh8H1.PfQx37YgCzwiKb.KjNyWgaHb9cbcoQgdIVFlYg7B77UdFm',NULL,NULL,NULL,NULL,'2018-12-06 18:06:42','2018-12-06 18:06:42','2018-12-06 18:06:40','kSEzz4Ye8w'),(93,'Brady Bosco III','Aletha Paucek','eldora26@example.org',97519283,'eldora26@example.org','$2y$10$TKh8H1.PfQx37YgCzwiKb.KjNyWgaHb9cbcoQgdIVFlYg7B77UdFm',NULL,NULL,NULL,NULL,'2018-12-06 18:06:42','2018-12-06 18:06:42','2018-12-06 18:06:40','7PVRkrT4Yp'),(94,'Reina Kessler','Sanford Effertz','avery.goodwin@example.net',84285121,'avery.goodwin@example.net','$2y$10$TKh8H1.PfQx37YgCzwiKb.KjNyWgaHb9cbcoQgdIVFlYg7B77UdFm',NULL,NULL,NULL,NULL,'2018-12-06 18:06:42','2018-12-06 18:06:42','2018-12-06 18:06:40','CqrkJ5OiBC'),(95,'Dallin Schowalter','Lemuel Conroy','ryan.pacocha@example.com',93995484,'ryan.pacocha@example.com','$2y$10$TKh8H1.PfQx37YgCzwiKb.KjNyWgaHb9cbcoQgdIVFlYg7B77UdFm',NULL,NULL,NULL,NULL,'2018-12-06 18:06:42','2018-12-06 18:06:42','2018-12-06 18:06:40','4sE8M5QeVG'),(96,'Prof. Xander Kiehn','Dario Keebler III','johns.ophelia@example.com',65661369,'johns.ophelia@example.com','$2y$10$TKh8H1.PfQx37YgCzwiKb.KjNyWgaHb9cbcoQgdIVFlYg7B77UdFm',NULL,NULL,NULL,NULL,'2018-12-06 18:06:42','2018-12-06 18:06:42','2018-12-06 18:06:40','ECl9Fmu583'),(97,'Whitney Kshlerin','Beulah Jacobi','selena43@example.net',75958787,'selena43@example.net','$2y$10$TKh8H1.PfQx37YgCzwiKb.KjNyWgaHb9cbcoQgdIVFlYg7B77UdFm',NULL,NULL,NULL,NULL,'2018-12-06 18:06:42','2018-12-06 18:06:42','2018-12-06 18:06:40','Z4gyAtjCZu'),(98,'Rubye Anderson Jr.','Ms. Ashlee Rodriguez','maci.ryan@example.org',29169629,'maci.ryan@example.org','$2y$10$TKh8H1.PfQx37YgCzwiKb.KjNyWgaHb9cbcoQgdIVFlYg7B77UdFm',NULL,NULL,NULL,NULL,'2018-12-06 18:06:42','2018-12-06 18:06:42','2018-12-06 18:06:40','2IHji986uE'),(99,'Prof. Levi Jacobs','Prof. Jordy Pfannerstill DDS','colleen65@example.com',30847882,'colleen65@example.com','$2y$10$TKh8H1.PfQx37YgCzwiKb.KjNyWgaHb9cbcoQgdIVFlYg7B77UdFm',NULL,NULL,NULL,NULL,'2018-12-06 18:06:42','2018-12-06 18:06:42','2018-12-06 18:06:40','I4cky0gTGv'),(100,'Dusty Harris','Dorris Kohler','schaden.moises@example.com',15732246,'schaden.moises@example.com','$2y$10$TKh8H1.PfQx37YgCzwiKb.KjNyWgaHb9cbcoQgdIVFlYg7B77UdFm',NULL,NULL,NULL,NULL,'2018-12-06 18:06:42','2018-12-06 18:06:42','2018-12-06 18:06:40','TFQ3pIHnWF'),(101,'Vilma Thompson IV','Jasmin Parker','dorothea80@example.com',60787722,'dorothea80@example.com','$2y$10$TKh8H1.PfQx37YgCzwiKb.KjNyWgaHb9cbcoQgdIVFlYg7B77UdFm',NULL,NULL,NULL,NULL,'2018-12-06 18:06:42','2018-12-06 18:06:42','2018-12-06 18:06:40','9Ct37kYOOH'),(102,'Rebecca Strosin','Eldora Lind Jr.','goodwin.taylor@example.com',24442235,'goodwin.taylor@example.com','$2y$10$TKh8H1.PfQx37YgCzwiKb.KjNyWgaHb9cbcoQgdIVFlYg7B77UdFm',NULL,NULL,NULL,NULL,'2018-12-06 18:06:42','2018-12-06 18:06:42','2018-12-06 18:06:40','mS1Cb5HDJQ'),(103,'Krystal Beer','Orval Windler','mcdermott.kiel@example.com',75657646,'mcdermott.kiel@example.com','$2y$10$TKh8H1.PfQx37YgCzwiKb.KjNyWgaHb9cbcoQgdIVFlYg7B77UdFm',NULL,NULL,NULL,NULL,'2018-12-06 18:06:42','2018-12-06 18:06:42','2018-12-06 18:06:40','fXcez25qDF'),(104,'Robin Goldner','Ulices Denesik Jr.','auer.shea@example.net',42489323,'auer.shea@example.net','$2y$10$TKh8H1.PfQx37YgCzwiKb.KjNyWgaHb9cbcoQgdIVFlYg7B77UdFm',NULL,NULL,NULL,NULL,'2018-12-06 18:06:42','2018-12-06 18:06:42','2018-12-06 18:06:40','kbWE04kgW5'),(105,'Ms. Lorine Lynch III','Prof. Ethan Haley PhD','dasia97@example.com',64944737,'dasia97@example.com','$2y$10$TKh8H1.PfQx37YgCzwiKb.KjNyWgaHb9cbcoQgdIVFlYg7B77UdFm',NULL,NULL,NULL,NULL,'2018-12-06 18:06:42','2018-12-06 18:06:42','2018-12-06 18:06:40','4rpoUkiNqc'),(106,'Mr. Jovany Powlowski DVM','Rebecca Bins','dbeahan@example.com',20027086,'dbeahan@example.com','$2y$10$TKh8H1.PfQx37YgCzwiKb.KjNyWgaHb9cbcoQgdIVFlYg7B77UdFm',NULL,NULL,NULL,NULL,'2018-12-06 18:06:42','2018-12-06 18:06:42','2018-12-06 18:06:40','Ob6D9Af6sY'),(107,'Halle Walker','Prof. Lauren Mann','graham26@example.com',25947070,'graham26@example.com','$2y$10$TKh8H1.PfQx37YgCzwiKb.KjNyWgaHb9cbcoQgdIVFlYg7B77UdFm',NULL,NULL,NULL,NULL,'2018-12-06 18:09:17','2018-12-06 18:09:17','2018-12-06 18:09:17','cTjRXkl5Nt'),(108,'Maurice Kilback','Dr. Trevion Ernser I','hintz.katlynn@example.net',81960998,'hintz.katlynn@example.net','$2y$10$TKh8H1.PfQx37YgCzwiKb.KjNyWgaHb9cbcoQgdIVFlYg7B77UdFm',NULL,NULL,NULL,NULL,'2018-12-06 18:09:17','2018-12-06 18:09:17','2018-12-06 18:09:17','d4QAGu7cVr'),(109,'Mr. Emil Greenfelder','Miss Lily Wisoky','whermiston@example.com',48902868,'whermiston@example.com','$2y$10$TKh8H1.PfQx37YgCzwiKb.KjNyWgaHb9cbcoQgdIVFlYg7B77UdFm',NULL,NULL,NULL,NULL,'2018-12-06 18:09:17','2018-12-06 18:09:17','2018-12-06 18:09:17','8PmkTuPoch'),(110,'Anita Cummerata','Keenan Tillman II','gordon49@example.com',55165578,'gordon49@example.com','$2y$10$TKh8H1.PfQx37YgCzwiKb.KjNyWgaHb9cbcoQgdIVFlYg7B77UdFm',NULL,NULL,NULL,NULL,'2018-12-06 18:09:17','2018-12-06 18:09:17','2018-12-06 18:09:17','ZmtlGJTrHF'),(111,'Ernestine Monahan','Ismael Anderson Jr.','yfranecki@example.org',24911307,'yfranecki@example.org','$2y$10$TKh8H1.PfQx37YgCzwiKb.KjNyWgaHb9cbcoQgdIVFlYg7B77UdFm',NULL,NULL,NULL,NULL,'2018-12-06 18:09:17','2018-12-06 18:09:17','2018-12-06 18:09:17','PdMPrQoTGh'),(112,'Madelynn Blick','Cleveland Schinner I','stephan.kshlerin@example.net',34421315,'stephan.kshlerin@example.net','$2y$10$TKh8H1.PfQx37YgCzwiKb.KjNyWgaHb9cbcoQgdIVFlYg7B77UdFm',NULL,NULL,NULL,NULL,'2018-12-06 18:09:17','2018-12-06 18:09:17','2018-12-06 18:09:17','TUBslWbphh'),(113,'Andrew Kemmer DVM','Lucious Berge','abayer@example.com',74066785,'abayer@example.com','$2y$10$TKh8H1.PfQx37YgCzwiKb.KjNyWgaHb9cbcoQgdIVFlYg7B77UdFm',NULL,NULL,NULL,NULL,'2018-12-06 18:09:17','2018-12-06 18:09:17','2018-12-06 18:09:17','lmEaYTZLlH'),(114,'Kattie Connelly','Keara Considine','kohler.leonel@example.net',59308964,'kohler.leonel@example.net','$2y$10$TKh8H1.PfQx37YgCzwiKb.KjNyWgaHb9cbcoQgdIVFlYg7B77UdFm',NULL,NULL,NULL,NULL,'2018-12-06 18:09:18','2018-12-06 18:09:18','2018-12-06 18:09:17','3gg7WtOIvT'),(115,'Stella Hermann','Tobin Gerlach','arne.bechtelar@example.org',63109063,'arne.bechtelar@example.org','$2y$10$TKh8H1.PfQx37YgCzwiKb.KjNyWgaHb9cbcoQgdIVFlYg7B77UdFm',NULL,NULL,NULL,NULL,'2018-12-06 18:09:18','2018-12-06 18:09:18','2018-12-06 18:09:17','1wM8wPwNG8'),(116,'Jamal Bogan','Wayne Miller','brooklyn63@example.com',60514223,'brooklyn63@example.com','$2y$10$TKh8H1.PfQx37YgCzwiKb.KjNyWgaHb9cbcoQgdIVFlYg7B77UdFm',NULL,NULL,NULL,NULL,'2018-12-06 18:09:18','2018-12-06 18:09:18','2018-12-06 18:09:17','1BFMjNYyXj'),(117,'Mrs. Eldridge Runolfsson','Amely Kerluke','ldare@example.net',59858291,'ldare@example.net','$2y$10$TKh8H1.PfQx37YgCzwiKb.KjNyWgaHb9cbcoQgdIVFlYg7B77UdFm',NULL,NULL,NULL,NULL,'2018-12-06 18:09:18','2018-12-06 18:09:18','2018-12-06 18:09:17','ZXOizlfR0C'),(118,'Ms. Yessenia Stamm','Prof. Margarett Daugherty','sasha.sporer@example.org',60350203,'sasha.sporer@example.org','$2y$10$TKh8H1.PfQx37YgCzwiKb.KjNyWgaHb9cbcoQgdIVFlYg7B77UdFm',NULL,NULL,NULL,NULL,'2018-12-06 18:09:18','2018-12-06 18:09:18','2018-12-06 18:09:17','vMVmQkol1w'),(119,'Queen Waters','Dr. Isaac Kertzmann Jr.','vgulgowski@example.net',26261574,'vgulgowski@example.net','$2y$10$TKh8H1.PfQx37YgCzwiKb.KjNyWgaHb9cbcoQgdIVFlYg7B77UdFm',NULL,NULL,NULL,NULL,'2018-12-06 18:09:18','2018-12-06 18:09:18','2018-12-06 18:09:17','EOQ8cKsflX'),(120,'Clinton West','Litzy Braun','tbalistreri@example.net',77796725,'tbalistreri@example.net','$2y$10$TKh8H1.PfQx37YgCzwiKb.KjNyWgaHb9cbcoQgdIVFlYg7B77UdFm',NULL,NULL,NULL,NULL,'2018-12-06 18:09:18','2018-12-06 18:09:18','2018-12-06 18:09:17','dspMaykpgj'),(121,'Jadyn Kohler','Dr. Guiseppe Bosco I','dangelo57@example.com',71784521,'dangelo57@example.com','$2y$10$TKh8H1.PfQx37YgCzwiKb.KjNyWgaHb9cbcoQgdIVFlYg7B77UdFm',NULL,NULL,NULL,NULL,'2018-12-06 18:09:18','2018-12-06 18:09:18','2018-12-06 18:09:17','YNKh1z483v'),(122,'Anna Armstrong','Mervin Brown','ferry.zachariah@example.org',67418298,'ferry.zachariah@example.org','$2y$10$TKh8H1.PfQx37YgCzwiKb.KjNyWgaHb9cbcoQgdIVFlYg7B77UdFm',NULL,NULL,NULL,NULL,'2018-12-06 18:09:18','2018-12-06 18:09:18','2018-12-06 18:09:17','HkF9wM14SK'),(123,'Vivian Olson III','Carolina Reinger IV','djones@example.net',66410299,'djones@example.net','$2y$10$TKh8H1.PfQx37YgCzwiKb.KjNyWgaHb9cbcoQgdIVFlYg7B77UdFm',NULL,NULL,NULL,NULL,'2018-12-06 18:09:18','2018-12-06 18:09:18','2018-12-06 18:09:17','aRWEZAFMME'),(124,'Miss Heloise Macejkovic','Cristopher Bernier','lreinger@example.com',46788199,'lreinger@example.com','$2y$10$TKh8H1.PfQx37YgCzwiKb.KjNyWgaHb9cbcoQgdIVFlYg7B77UdFm',NULL,NULL,NULL,NULL,'2018-12-06 18:09:18','2018-12-06 18:09:18','2018-12-06 18:09:17','ieRIsPTkRz'),(125,'Johnny Hansen','Kailey Boyle IV','oberbrunner.amiya@example.net',21081506,'oberbrunner.amiya@example.net','$2y$10$TKh8H1.PfQx37YgCzwiKb.KjNyWgaHb9cbcoQgdIVFlYg7B77UdFm',NULL,NULL,NULL,NULL,'2018-12-06 18:09:18','2018-12-06 18:09:18','2018-12-06 18:09:17','HvU7yGPrDR'),(126,'Jovan Lynch','Ian Koelpin','sdach@example.org',82113451,'sdach@example.org','$2y$10$TKh8H1.PfQx37YgCzwiKb.KjNyWgaHb9cbcoQgdIVFlYg7B77UdFm',NULL,NULL,NULL,NULL,'2018-12-06 18:09:18','2018-12-06 18:09:18','2018-12-06 18:09:17','Qkj1e0naUo'),(127,'Shaina Lindgren','Prof. Katelyn Gusikowski III','kimberly26@example.com',33656649,'kimberly26@example.com','$2y$10$TKh8H1.PfQx37YgCzwiKb.KjNyWgaHb9cbcoQgdIVFlYg7B77UdFm',NULL,NULL,NULL,NULL,'2018-12-06 18:09:18','2018-12-06 18:09:18','2018-12-06 18:09:17','pAlRVD1c4p'),(128,'Daniella Oberbrunner','Al Wolf','durgan.irwin@example.com',41912889,'durgan.irwin@example.com','$2y$10$TKh8H1.PfQx37YgCzwiKb.KjNyWgaHb9cbcoQgdIVFlYg7B77UdFm',NULL,NULL,NULL,NULL,'2018-12-06 18:09:18','2018-12-06 18:09:18','2018-12-06 18:09:17','n7JbfORFWr'),(129,'Katherine O\'Kon','Mr. Jevon Maggio','carter.rafaela@example.com',20155102,'carter.rafaela@example.com','$2y$10$TKh8H1.PfQx37YgCzwiKb.KjNyWgaHb9cbcoQgdIVFlYg7B77UdFm',NULL,NULL,NULL,NULL,'2018-12-06 18:09:18','2018-12-06 18:09:18','2018-12-06 18:09:17','OE0ffYelOK'),(130,'Manley Hackett','Constantin Bernier DVM','pbeatty@example.org',17984728,'pbeatty@example.org','$2y$10$TKh8H1.PfQx37YgCzwiKb.KjNyWgaHb9cbcoQgdIVFlYg7B77UdFm',NULL,NULL,NULL,NULL,'2018-12-06 18:09:18','2018-12-06 18:09:18','2018-12-06 18:09:17','FQAdMjVUw8'),(131,'Lela Wolff','Bernadine Towne','preston97@example.org',45744864,'preston97@example.org','$2y$10$TKh8H1.PfQx37YgCzwiKb.KjNyWgaHb9cbcoQgdIVFlYg7B77UdFm',NULL,NULL,NULL,NULL,'2018-12-06 18:09:18','2018-12-06 18:09:18','2018-12-06 18:09:17','pHuUm5nZK2'),(132,'Mrs. Bettie Ankunding','Arvid Mante','kayden76@example.org',71561924,'kayden76@example.org','$2y$10$TKh8H1.PfQx37YgCzwiKb.KjNyWgaHb9cbcoQgdIVFlYg7B77UdFm',NULL,NULL,NULL,NULL,'2018-12-06 18:09:18','2018-12-06 18:09:18','2018-12-06 18:09:17','2R8hmlMc2J'),(133,'Miss Duane Hirthe IV','Mason Walter III','keebler.louvenia@example.com',79784871,'keebler.louvenia@example.com','$2y$10$TKh8H1.PfQx37YgCzwiKb.KjNyWgaHb9cbcoQgdIVFlYg7B77UdFm',NULL,NULL,NULL,NULL,'2018-12-06 18:09:18','2018-12-06 18:09:18','2018-12-06 18:09:17','oqMgZn2lYQ'),(134,'Norberto O\'Connell','Dr. Berry Fadel','pjakubowski@example.com',72511611,'pjakubowski@example.com','$2y$10$TKh8H1.PfQx37YgCzwiKb.KjNyWgaHb9cbcoQgdIVFlYg7B77UdFm',NULL,NULL,NULL,NULL,'2018-12-06 18:09:18','2018-12-06 18:09:18','2018-12-06 18:09:17','IwlQRwSDLR'),(135,'Miss Pat Orn IV','Dr. Parker Jacobson IV','breana55@example.net',44429034,'breana55@example.net','$2y$10$TKh8H1.PfQx37YgCzwiKb.KjNyWgaHb9cbcoQgdIVFlYg7B77UdFm',NULL,NULL,NULL,NULL,'2018-12-06 18:09:18','2018-12-06 18:09:18','2018-12-06 18:09:17','Cg5xhfUz79'),(136,'Isom Willms MD','Shad Hintz V','madge.wiza@example.com',70343902,'madge.wiza@example.com','$2y$10$TKh8H1.PfQx37YgCzwiKb.KjNyWgaHb9cbcoQgdIVFlYg7B77UdFm',NULL,NULL,NULL,NULL,'2018-12-06 18:09:18','2018-12-06 18:09:18','2018-12-06 18:09:17','PrDlDzL4ZT'),(137,'Dr. Gaylord Cruickshank PhD','Mrs. Raphaelle Goldner III','lcartwright@example.org',98538542,'lcartwright@example.org','$2y$10$TKh8H1.PfQx37YgCzwiKb.KjNyWgaHb9cbcoQgdIVFlYg7B77UdFm',NULL,NULL,NULL,NULL,'2018-12-06 18:09:18','2018-12-06 18:09:18','2018-12-06 18:09:17','5irRBp7RyZ'),(138,'Mrs. Katelynn Feest Jr.','Colt Turcotte','farrell.imelda@example.org',43169238,'farrell.imelda@example.org','$2y$10$TKh8H1.PfQx37YgCzwiKb.KjNyWgaHb9cbcoQgdIVFlYg7B77UdFm',NULL,NULL,NULL,NULL,'2018-12-06 18:09:18','2018-12-06 18:09:18','2018-12-06 18:09:17','kD6a2kyXZF'),(139,'Horace Beier','Ms. Delores Gusikowski IV','konopelski.crystel@example.net',92420613,'konopelski.crystel@example.net','$2y$10$TKh8H1.PfQx37YgCzwiKb.KjNyWgaHb9cbcoQgdIVFlYg7B77UdFm',NULL,NULL,NULL,NULL,'2018-12-06 18:09:18','2018-12-06 18:09:18','2018-12-06 18:09:17','XyzdA0FQJb'),(140,'Mr. Dedric Heidenreich','Oda Harvey','mpowlowski@example.com',77644507,'mpowlowski@example.com','$2y$10$TKh8H1.PfQx37YgCzwiKb.KjNyWgaHb9cbcoQgdIVFlYg7B77UdFm',NULL,NULL,NULL,NULL,'2018-12-06 18:09:19','2018-12-06 18:09:19','2018-12-06 18:09:17','461EXwrhEW'),(141,'Willow King III','Ivory Ernser','hansen.margret@example.com',47598840,'hansen.margret@example.com','$2y$10$TKh8H1.PfQx37YgCzwiKb.KjNyWgaHb9cbcoQgdIVFlYg7B77UdFm',NULL,NULL,NULL,NULL,'2018-12-06 18:09:19','2018-12-06 18:09:19','2018-12-06 18:09:17','k2Or8DVfu8'),(142,'Dr. Lorenza Bahringer','Miss Lesly Watsica V','lkovacek@example.com',12095948,'lkovacek@example.com','$2y$10$TKh8H1.PfQx37YgCzwiKb.KjNyWgaHb9cbcoQgdIVFlYg7B77UdFm',NULL,NULL,NULL,NULL,'2018-12-06 18:09:19','2018-12-06 18:09:19','2018-12-06 18:09:17','mWNc5YiHJ3'),(143,'Mr. Uriel Goodwin IV','Prof. Orpha Carter III','mcdermott.emmitt@example.org',75194702,'mcdermott.emmitt@example.org','$2y$10$TKh8H1.PfQx37YgCzwiKb.KjNyWgaHb9cbcoQgdIVFlYg7B77UdFm',NULL,NULL,NULL,NULL,'2018-12-06 18:09:19','2018-12-06 18:09:19','2018-12-06 18:09:17','e460GFuETk'),(144,'Forest Beatty IV','Ms. Lizeth Bechtelar','nikko77@example.net',21135816,'nikko77@example.net','$2y$10$TKh8H1.PfQx37YgCzwiKb.KjNyWgaHb9cbcoQgdIVFlYg7B77UdFm',NULL,NULL,NULL,NULL,'2018-12-06 18:09:19','2018-12-06 18:09:19','2018-12-06 18:09:17','II4mVssU1Q'),(145,'Shaina Schuster','Teagan Weimann','white.micheal@example.org',76538642,'white.micheal@example.org','$2y$10$TKh8H1.PfQx37YgCzwiKb.KjNyWgaHb9cbcoQgdIVFlYg7B77UdFm',NULL,NULL,NULL,NULL,'2018-12-06 18:09:19','2018-12-06 18:09:19','2018-12-06 18:09:17','yHHogl8xqB'),(146,'Mrs. Barbara Conroy','Mr. Abelardo Gottlieb','damien.schmeler@example.com',89423484,'damien.schmeler@example.com','$2y$10$TKh8H1.PfQx37YgCzwiKb.KjNyWgaHb9cbcoQgdIVFlYg7B77UdFm',NULL,NULL,NULL,NULL,'2018-12-06 18:09:19','2018-12-06 18:09:19','2018-12-06 18:09:17','48vvY6cTSi'),(147,'Dr. Rodger Schinner','Ms. Corine Simonis','botsford.zola@example.net',68547587,'botsford.zola@example.net','$2y$10$TKh8H1.PfQx37YgCzwiKb.KjNyWgaHb9cbcoQgdIVFlYg7B77UdFm',NULL,NULL,NULL,NULL,'2018-12-06 18:09:19','2018-12-06 18:09:19','2018-12-06 18:09:17','NK018ew1UU'),(148,'Dr. Johathan Greenholt','Estrella Stiedemann','katrina21@example.net',69853646,'katrina21@example.net','$2y$10$TKh8H1.PfQx37YgCzwiKb.KjNyWgaHb9cbcoQgdIVFlYg7B77UdFm',NULL,NULL,NULL,NULL,'2018-12-06 18:09:19','2018-12-06 18:09:19','2018-12-06 18:09:17','HxhvDFrYSs'),(149,'Alexandria Konopelski','Mrs. Corene Koepp','mozelle.stanton@example.org',61700234,'mozelle.stanton@example.org','$2y$10$TKh8H1.PfQx37YgCzwiKb.KjNyWgaHb9cbcoQgdIVFlYg7B77UdFm',NULL,NULL,NULL,NULL,'2018-12-06 18:09:19','2018-12-06 18:09:19','2018-12-06 18:09:17','Qz1yoJoaLN'),(150,'Unique Boyer','Laisha Champlin III','king.daisy@example.org',18578142,'king.daisy@example.org','$2y$10$TKh8H1.PfQx37YgCzwiKb.KjNyWgaHb9cbcoQgdIVFlYg7B77UdFm',NULL,NULL,NULL,NULL,'2018-12-06 18:09:19','2018-12-06 18:09:19','2018-12-06 18:09:17','RnMWpE06BL'),(151,'Candido Wuckert','Zelma O\'Reilly','waters.laverna@example.net',36074638,'waters.laverna@example.net','$2y$10$TKh8H1.PfQx37YgCzwiKb.KjNyWgaHb9cbcoQgdIVFlYg7B77UdFm',NULL,NULL,NULL,NULL,'2018-12-06 18:09:19','2018-12-06 18:09:19','2018-12-06 18:09:17','dEoNHfc39n'),(152,'Cody Goyette I','Isabella Jaskolski','anabel.jenkins@example.com',82073588,'anabel.jenkins@example.com','$2y$10$TKh8H1.PfQx37YgCzwiKb.KjNyWgaHb9cbcoQgdIVFlYg7B77UdFm',NULL,NULL,NULL,NULL,'2018-12-06 18:09:19','2018-12-06 18:09:19','2018-12-06 18:09:17','wzCwSAeSKQ'),(153,'Audra Steuber','Madge Beier','sydni73@example.org',59221805,'sydni73@example.org','$2y$10$TKh8H1.PfQx37YgCzwiKb.KjNyWgaHb9cbcoQgdIVFlYg7B77UdFm',NULL,NULL,NULL,NULL,'2018-12-06 18:09:19','2018-12-06 18:09:19','2018-12-06 18:09:17','ZkGgQ5NNAP'),(154,'Keegan Dooley','Ignatius Miller','paxton.hirthe@example.net',40991993,'paxton.hirthe@example.net','$2y$10$TKh8H1.PfQx37YgCzwiKb.KjNyWgaHb9cbcoQgdIVFlYg7B77UdFm',NULL,NULL,NULL,NULL,'2018-12-06 18:09:19','2018-12-06 18:09:19','2018-12-06 18:09:17','jh3jDLnWg1'),(155,'Susanna Thiel','Jeramy Mertz','wolff.letitia@example.org',61149299,'wolff.letitia@example.org','$2y$10$TKh8H1.PfQx37YgCzwiKb.KjNyWgaHb9cbcoQgdIVFlYg7B77UdFm',NULL,NULL,NULL,NULL,'2018-12-06 18:09:19','2018-12-06 18:09:19','2018-12-06 18:09:17','pztICTeKbk'),(156,'Tracey Becker','Dennis Streich','hohara@example.net',85795998,'hohara@example.net','$2y$10$TKh8H1.PfQx37YgCzwiKb.KjNyWgaHb9cbcoQgdIVFlYg7B77UdFm',NULL,NULL,NULL,NULL,'2018-12-06 18:09:19','2018-12-06 18:09:19','2018-12-06 18:09:17','VCJoPuItYG'),(157,'Helen Jenkins','Dawson Turcotte','kylee.wunsch@example.net',36035151,'kylee.wunsch@example.net','$2y$10$TKh8H1.PfQx37YgCzwiKb.KjNyWgaHb9cbcoQgdIVFlYg7B77UdFm',NULL,NULL,NULL,NULL,'2018-12-06 18:10:56','2018-12-06 18:10:56','2018-12-06 18:10:56','DD0W38HlGo'),(158,'Darian Bahringer II','Brenden Kulas','omosciski@example.com',82459817,'omosciski@example.com','$2y$10$TKh8H1.PfQx37YgCzwiKb.KjNyWgaHb9cbcoQgdIVFlYg7B77UdFm',NULL,NULL,NULL,NULL,'2018-12-06 18:10:56','2018-12-06 18:10:56','2018-12-06 18:10:56','xDIX4Ozfyr'),(159,'Neoma Moen','Dannie Abernathy','nathanael.green@example.net',13407647,'nathanael.green@example.net','$2y$10$TKh8H1.PfQx37YgCzwiKb.KjNyWgaHb9cbcoQgdIVFlYg7B77UdFm',NULL,NULL,NULL,NULL,'2018-12-06 18:10:56','2018-12-06 18:10:56','2018-12-06 18:10:56','YThFH2pThj'),(160,'Lue Nolan','Verona Thiel','shields.claudine@example.net',19189596,'shields.claudine@example.net','$2y$10$TKh8H1.PfQx37YgCzwiKb.KjNyWgaHb9cbcoQgdIVFlYg7B77UdFm',NULL,NULL,NULL,NULL,'2018-12-06 18:10:56','2018-12-06 18:10:56','2018-12-06 18:10:56','G3I1nRRH9Z'),(161,'Jocelyn Heidenreich','Mr. Brown Durgan','bernadette.mueller@example.com',37495361,'bernadette.mueller@example.com','$2y$10$TKh8H1.PfQx37YgCzwiKb.KjNyWgaHb9cbcoQgdIVFlYg7B77UdFm',NULL,NULL,NULL,NULL,'2018-12-06 18:10:56','2018-12-06 18:10:56','2018-12-06 18:10:56','IDg37BXXox'),(162,'Dana Borer IV','Hortense Lakin','qkutch@example.org',35319511,'qkutch@example.org','$2y$10$TKh8H1.PfQx37YgCzwiKb.KjNyWgaHb9cbcoQgdIVFlYg7B77UdFm',NULL,NULL,NULL,NULL,'2018-12-06 18:10:57','2018-12-06 18:10:57','2018-12-06 18:10:56','6gRGi7Kel0'),(163,'Mozelle Cummerata','Bart Towne','hauck.joanie@example.org',31130685,'hauck.joanie@example.org','$2y$10$TKh8H1.PfQx37YgCzwiKb.KjNyWgaHb9cbcoQgdIVFlYg7B77UdFm',NULL,NULL,NULL,NULL,'2018-12-06 18:10:57','2018-12-06 18:10:57','2018-12-06 18:10:56','euBDqbNp4z'),(164,'Leland Kuphal','Prof. Nadia Cassin III','christ54@example.com',98057930,'christ54@example.com','$2y$10$TKh8H1.PfQx37YgCzwiKb.KjNyWgaHb9cbcoQgdIVFlYg7B77UdFm',NULL,NULL,NULL,NULL,'2018-12-06 18:10:57','2018-12-06 18:10:57','2018-12-06 18:10:56','KcgKi0dEtQ'),(165,'Jaime Borer','Miss Libbie Kihn','ziemann.nicola@example.net',93764884,'ziemann.nicola@example.net','$2y$10$TKh8H1.PfQx37YgCzwiKb.KjNyWgaHb9cbcoQgdIVFlYg7B77UdFm',NULL,NULL,NULL,NULL,'2018-12-06 18:10:57','2018-12-06 18:10:57','2018-12-06 18:10:56','sdP8kQgos5'),(166,'Darrion Will','Lilliana Botsford','doyle.dario@example.com',28404387,'doyle.dario@example.com','$2y$10$TKh8H1.PfQx37YgCzwiKb.KjNyWgaHb9cbcoQgdIVFlYg7B77UdFm',NULL,NULL,NULL,NULL,'2018-12-06 18:10:57','2018-12-06 18:10:57','2018-12-06 18:10:56','s5mFfDGxz4'),(167,'Mercedes Hand','Amaya Cummerata','dickinson.amelia@example.net',20698427,'dickinson.amelia@example.net','$2y$10$TKh8H1.PfQx37YgCzwiKb.KjNyWgaHb9cbcoQgdIVFlYg7B77UdFm',NULL,NULL,NULL,NULL,'2018-12-06 18:10:57','2018-12-06 18:10:57','2018-12-06 18:10:56','6eLjobU2NA'),(168,'Miss Jakayla Hermiston Jr.','Issac Medhurst','kaya.marvin@example.org',31081519,'kaya.marvin@example.org','$2y$10$TKh8H1.PfQx37YgCzwiKb.KjNyWgaHb9cbcoQgdIVFlYg7B77UdFm',NULL,NULL,NULL,NULL,'2018-12-06 18:10:57','2018-12-06 18:10:57','2018-12-06 18:10:56','zOGCfAUymM'),(169,'Ardella Hackett','Maxwell Heathcote','kyla18@example.org',16620381,'kyla18@example.org','$2y$10$TKh8H1.PfQx37YgCzwiKb.KjNyWgaHb9cbcoQgdIVFlYg7B77UdFm',NULL,NULL,NULL,NULL,'2018-12-06 18:10:57','2018-12-06 18:10:57','2018-12-06 18:10:56','BQRVfyA67K'),(170,'Keara Pacocha','Claudie Goodwin','lkiehn@example.com',73174994,'lkiehn@example.com','$2y$10$TKh8H1.PfQx37YgCzwiKb.KjNyWgaHb9cbcoQgdIVFlYg7B77UdFm',NULL,NULL,NULL,NULL,'2018-12-06 18:10:57','2018-12-06 18:10:57','2018-12-06 18:10:56','l1KMhNf7q2'),(171,'Ara Koss','Patience Rohan','caitlyn02@example.org',77406568,'caitlyn02@example.org','$2y$10$TKh8H1.PfQx37YgCzwiKb.KjNyWgaHb9cbcoQgdIVFlYg7B77UdFm',NULL,NULL,NULL,NULL,'2018-12-06 18:10:57','2018-12-06 18:10:57','2018-12-06 18:10:56','szp9oToDyA'),(172,'Billie Hessel','Lavada Larkin','rkerluke@example.net',27918074,'rkerluke@example.net','$2y$10$TKh8H1.PfQx37YgCzwiKb.KjNyWgaHb9cbcoQgdIVFlYg7B77UdFm',NULL,NULL,NULL,NULL,'2018-12-06 18:10:57','2018-12-06 18:10:57','2018-12-06 18:10:56','tnUrl7sJjO'),(173,'Prof. Antonio Nitzsche','Justus Schuppe','alaina83@example.com',32797825,'alaina83@example.com','$2y$10$TKh8H1.PfQx37YgCzwiKb.KjNyWgaHb9cbcoQgdIVFlYg7B77UdFm',NULL,NULL,NULL,NULL,'2018-12-06 18:10:57','2018-12-06 18:10:57','2018-12-06 18:10:56','SEImmGIeQ2'),(174,'Miss Tierra Borer Sr.','Friedrich Durgan','iveum@example.net',38807723,'iveum@example.net','$2y$10$TKh8H1.PfQx37YgCzwiKb.KjNyWgaHb9cbcoQgdIVFlYg7B77UdFm',NULL,NULL,NULL,NULL,'2018-12-06 18:10:57','2018-12-06 18:10:57','2018-12-06 18:10:56','hCbFDfyS07'),(175,'Danny Hyatt','Jack Cummings','bettye.oreilly@example.org',58705883,'bettye.oreilly@example.org','$2y$10$TKh8H1.PfQx37YgCzwiKb.KjNyWgaHb9cbcoQgdIVFlYg7B77UdFm',NULL,NULL,NULL,NULL,'2018-12-06 18:10:57','2018-12-06 18:10:57','2018-12-06 18:10:56','w62sgHgGVX'),(176,'Prof. Louvenia Gerlach','Kaitlin Padberg IV','ike.vandervort@example.com',14296430,'ike.vandervort@example.com','$2y$10$TKh8H1.PfQx37YgCzwiKb.KjNyWgaHb9cbcoQgdIVFlYg7B77UdFm',NULL,NULL,NULL,NULL,'2018-12-06 18:10:57','2018-12-06 18:10:57','2018-12-06 18:10:56','VjTETbz8kb'),(177,'Mr. Anibal Schumm II','Emma Wilderman','shanahan.maxime@example.net',29283894,'shanahan.maxime@example.net','$2y$10$TKh8H1.PfQx37YgCzwiKb.KjNyWgaHb9cbcoQgdIVFlYg7B77UdFm',NULL,NULL,NULL,NULL,'2018-12-06 18:10:57','2018-12-06 18:10:57','2018-12-06 18:10:56','CSCntEKEdq'),(178,'Ms. Geraldine Cassin','Jane Connelly IV','schimmel.zula@example.net',21397396,'schimmel.zula@example.net','$2y$10$TKh8H1.PfQx37YgCzwiKb.KjNyWgaHb9cbcoQgdIVFlYg7B77UdFm',NULL,NULL,NULL,NULL,'2018-12-06 18:10:57','2018-12-06 18:10:57','2018-12-06 18:10:56','hO3siunGUb'),(179,'Dante Berge','Mr. Roger Heller MD','troy27@example.net',92773331,'troy27@example.net','$2y$10$TKh8H1.PfQx37YgCzwiKb.KjNyWgaHb9cbcoQgdIVFlYg7B77UdFm',NULL,NULL,NULL,NULL,'2018-12-06 18:10:57','2018-12-06 18:10:57','2018-12-06 18:10:56','IAlsAQwxJP'),(180,'Eldred Reynolds','Pablo Lesch','lubowitz.riley@example.org',13495218,'lubowitz.riley@example.org','$2y$10$TKh8H1.PfQx37YgCzwiKb.KjNyWgaHb9cbcoQgdIVFlYg7B77UdFm',NULL,NULL,NULL,NULL,'2018-12-06 18:10:57','2018-12-06 18:10:57','2018-12-06 18:10:56','FoufeKvKco'),(181,'Javon O\'Keefe','Nikko Reilly MD','renee22@example.org',47996652,'renee22@example.org','$2y$10$TKh8H1.PfQx37YgCzwiKb.KjNyWgaHb9cbcoQgdIVFlYg7B77UdFm',NULL,NULL,NULL,NULL,'2018-12-06 18:10:57','2018-12-06 18:10:57','2018-12-06 18:10:56','whk9sLu5sF'),(182,'Rosalia Metz','Arvilla Bayer','heaney.shyann@example.org',20135582,'heaney.shyann@example.org','$2y$10$TKh8H1.PfQx37YgCzwiKb.KjNyWgaHb9cbcoQgdIVFlYg7B77UdFm',NULL,NULL,NULL,NULL,'2018-12-06 18:10:57','2018-12-06 18:10:57','2018-12-06 18:10:56','RLyl6iAiPf'),(183,'Stanley Welch I','Mr. Darrion Bernier','jerod91@example.com',66799592,'jerod91@example.com','$2y$10$TKh8H1.PfQx37YgCzwiKb.KjNyWgaHb9cbcoQgdIVFlYg7B77UdFm',NULL,NULL,NULL,NULL,'2018-12-06 18:10:58','2018-12-06 18:10:58','2018-12-06 18:10:56','rJsp9eFrk5'),(184,'Palma Halvorson Sr.','Jazlyn Gulgowski','qheidenreich@example.net',37415115,'qheidenreich@example.net','$2y$10$TKh8H1.PfQx37YgCzwiKb.KjNyWgaHb9cbcoQgdIVFlYg7B77UdFm',NULL,NULL,NULL,NULL,'2018-12-06 18:10:58','2018-12-06 18:10:58','2018-12-06 18:10:56','rF6f6tKGLr'),(185,'Prof. Talia Cummings','Burdette Flatley','porter54@example.com',55316438,'porter54@example.com','$2y$10$TKh8H1.PfQx37YgCzwiKb.KjNyWgaHb9cbcoQgdIVFlYg7B77UdFm',NULL,NULL,NULL,NULL,'2018-12-06 18:10:58','2018-12-06 18:10:58','2018-12-06 18:10:56','UkzIHVx4nG'),(186,'Miss Gregoria Friesen','Prof. German Grant PhD','kertzmann.herbert@example.net',88463349,'kertzmann.herbert@example.net','$2y$10$TKh8H1.PfQx37YgCzwiKb.KjNyWgaHb9cbcoQgdIVFlYg7B77UdFm',NULL,NULL,NULL,NULL,'2018-12-06 18:10:58','2018-12-06 18:10:58','2018-12-06 18:10:56','hLeQpuNr9a'),(187,'Earline Fadel','Ernesto Keebler','svonrueden@example.org',58570858,'svonrueden@example.org','$2y$10$TKh8H1.PfQx37YgCzwiKb.KjNyWgaHb9cbcoQgdIVFlYg7B77UdFm',NULL,NULL,NULL,NULL,'2018-12-06 18:10:58','2018-12-06 18:10:58','2018-12-06 18:10:56','i9mqvLyl5A'),(188,'Dr. Manuel Schowalter II','Prof. Violette Barton V','emmitt76@example.com',36481145,'emmitt76@example.com','$2y$10$TKh8H1.PfQx37YgCzwiKb.KjNyWgaHb9cbcoQgdIVFlYg7B77UdFm',NULL,NULL,NULL,NULL,'2018-12-06 18:10:58','2018-12-06 18:10:58','2018-12-06 18:10:56','vb6RcCAOdC'),(189,'Mr. Ceasar Gaylord','Dr. Lowell Hansen','dicki.dayne@example.org',12320681,'dicki.dayne@example.org','$2y$10$TKh8H1.PfQx37YgCzwiKb.KjNyWgaHb9cbcoQgdIVFlYg7B77UdFm',NULL,NULL,NULL,NULL,'2018-12-06 18:10:58','2018-12-06 18:10:58','2018-12-06 18:10:56','7IoQ31WKJP'),(190,'Reese Kassulke','Rodolfo Welch','raynor.rosalyn@example.org',95048358,'raynor.rosalyn@example.org','$2y$10$TKh8H1.PfQx37YgCzwiKb.KjNyWgaHb9cbcoQgdIVFlYg7B77UdFm',NULL,NULL,NULL,NULL,'2018-12-06 18:10:58','2018-12-06 18:10:58','2018-12-06 18:10:56','ZvTKe6EMgN'),(191,'Cortney Pfeffer','Braulio Collier','selena52@example.com',37904570,'selena52@example.com','$2y$10$TKh8H1.PfQx37YgCzwiKb.KjNyWgaHb9cbcoQgdIVFlYg7B77UdFm',NULL,NULL,NULL,NULL,'2018-12-06 18:10:58','2018-12-06 18:10:58','2018-12-06 18:10:56','vt2JX58xRe'),(192,'Dorcas Ritchie','Jaquan Watsica','walker.orlando@example.com',27526601,'walker.orlando@example.com','$2y$10$TKh8H1.PfQx37YgCzwiKb.KjNyWgaHb9cbcoQgdIVFlYg7B77UdFm',NULL,NULL,NULL,NULL,'2018-12-06 18:10:58','2018-12-06 18:10:58','2018-12-06 18:10:56','o5OmWe4uyB'),(193,'Rosalia Rowe','Mrs. Lizeth Jerde','brigitte90@example.net',88355127,'brigitte90@example.net','$2y$10$TKh8H1.PfQx37YgCzwiKb.KjNyWgaHb9cbcoQgdIVFlYg7B77UdFm',NULL,NULL,NULL,NULL,'2018-12-06 18:10:58','2018-12-06 18:10:58','2018-12-06 18:10:56','USbM9oVMHk'),(194,'Tressa Quigley','Kariane O\'Connell','greta21@example.net',89095627,'greta21@example.net','$2y$10$TKh8H1.PfQx37YgCzwiKb.KjNyWgaHb9cbcoQgdIVFlYg7B77UdFm',NULL,NULL,NULL,NULL,'2018-12-06 18:10:58','2018-12-06 18:10:58','2018-12-06 18:10:56','FCk8rPz6Cn'),(195,'Florida Keeling','Roman Bogisich','verla.roberts@example.com',75051222,'verla.roberts@example.com','$2y$10$TKh8H1.PfQx37YgCzwiKb.KjNyWgaHb9cbcoQgdIVFlYg7B77UdFm',NULL,NULL,NULL,NULL,'2018-12-06 18:10:58','2018-12-06 18:10:58','2018-12-06 18:10:56','agnreirbHp'),(196,'Deven Huel','Dr. Josue Raynor','grant.omer@example.com',43728040,'grant.omer@example.com','$2y$10$TKh8H1.PfQx37YgCzwiKb.KjNyWgaHb9cbcoQgdIVFlYg7B77UdFm',NULL,NULL,NULL,NULL,'2018-12-06 18:10:58','2018-12-06 18:10:58','2018-12-06 18:10:56','sLs1nMJHem'),(197,'Mina Anderson','Ben Greenholt V','gretchen.watsica@example.org',54155414,'gretchen.watsica@example.org','$2y$10$TKh8H1.PfQx37YgCzwiKb.KjNyWgaHb9cbcoQgdIVFlYg7B77UdFm',NULL,NULL,NULL,NULL,'2018-12-06 18:10:58','2018-12-06 18:10:58','2018-12-06 18:10:56','3g2KCG4EDg'),(198,'Alyson Romaguera','Dale Towne','lueilwitz.jedidiah@example.org',25310531,'lueilwitz.jedidiah@example.org','$2y$10$TKh8H1.PfQx37YgCzwiKb.KjNyWgaHb9cbcoQgdIVFlYg7B77UdFm',NULL,NULL,NULL,NULL,'2018-12-06 18:10:58','2018-12-06 18:10:58','2018-12-06 18:10:56','xArcxQJPhK'),(199,'Miss Rose Huels','Wilford Blick I','corene68@example.net',46190366,'corene68@example.net','$2y$10$TKh8H1.PfQx37YgCzwiKb.KjNyWgaHb9cbcoQgdIVFlYg7B77UdFm',NULL,NULL,NULL,NULL,'2018-12-06 18:10:58','2018-12-06 18:10:58','2018-12-06 18:10:56','OEX0XIUP34'),(200,'Royal Baumbach','Lavada Emmerich','melody57@example.com',46384515,'melody57@example.com','$2y$10$TKh8H1.PfQx37YgCzwiKb.KjNyWgaHb9cbcoQgdIVFlYg7B77UdFm',NULL,NULL,NULL,NULL,'2018-12-06 18:10:58','2018-12-06 18:10:58','2018-12-06 18:10:56','wsAd7592Hq'),(201,'Cullen Bayer','Dewayne Schmeler','nienow.randi@example.net',70751121,'nienow.randi@example.net','$2y$10$TKh8H1.PfQx37YgCzwiKb.KjNyWgaHb9cbcoQgdIVFlYg7B77UdFm',NULL,NULL,NULL,NULL,'2018-12-06 18:10:58','2018-12-06 18:10:58','2018-12-06 18:10:56','vGVsiSp6fs'),(202,'Kurt Grimes','Prof. Saige Kling IV','jayne.botsford@example.org',22936006,'jayne.botsford@example.org','$2y$10$TKh8H1.PfQx37YgCzwiKb.KjNyWgaHb9cbcoQgdIVFlYg7B77UdFm',NULL,NULL,NULL,NULL,'2018-12-06 18:10:58','2018-12-06 18:10:58','2018-12-06 18:10:56','xWdosNFORR'),(203,'Isom Jerde','Reva Lind','mroob@example.com',51993219,'mroob@example.com','$2y$10$TKh8H1.PfQx37YgCzwiKb.KjNyWgaHb9cbcoQgdIVFlYg7B77UdFm',NULL,NULL,NULL,NULL,'2018-12-06 18:10:58','2018-12-06 18:10:58','2018-12-06 18:10:56','Bm9DqI4Q1P'),(204,'Jules Crona','Prof. Estel Denesik MD','barton.ritchie@example.net',16797346,'barton.ritchie@example.net','$2y$10$TKh8H1.PfQx37YgCzwiKb.KjNyWgaHb9cbcoQgdIVFlYg7B77UdFm',NULL,NULL,NULL,NULL,'2018-12-06 18:10:58','2018-12-06 18:10:58','2018-12-06 18:10:56','gvhaHxUgLP'),(205,'Dr. Cedrick Boehm DDS','Prof. Cole DuBuque','ufeil@example.net',73799413,'ufeil@example.net','$2y$10$TKh8H1.PfQx37YgCzwiKb.KjNyWgaHb9cbcoQgdIVFlYg7B77UdFm',NULL,NULL,NULL,NULL,'2018-12-06 18:10:58','2018-12-06 18:10:58','2018-12-06 18:10:56','4ePt0sfBPf'),(206,'Dr. Merlin Fahey IV','Josianne Greenholt','vhayes@example.com',56000760,'vhayes@example.com','$2y$10$TKh8H1.PfQx37YgCzwiKb.KjNyWgaHb9cbcoQgdIVFlYg7B77UdFm',NULL,NULL,NULL,NULL,'2018-12-06 18:10:58','2018-12-06 18:10:58','2018-12-06 18:10:56','lcGo5V7kFw'),(207,'Gaylord Welch','Prof. Antonietta Senger','osinski.ismael@example.com',13381017,'osinski.ismael@example.com','$2y$10$TKh8H1.PfQx37YgCzwiKb.KjNyWgaHb9cbcoQgdIVFlYg7B77UdFm',NULL,NULL,NULL,NULL,'2018-12-06 18:12:19','2018-12-06 18:12:19','2018-12-06 18:12:19','Dq5zlLVSQE'),(208,'Prof. Jayde Hirthe','Luz Purdy IV','ubeer@example.com',12475455,'ubeer@example.com','$2y$10$TKh8H1.PfQx37YgCzwiKb.KjNyWgaHb9cbcoQgdIVFlYg7B77UdFm',NULL,NULL,NULL,NULL,'2018-12-06 18:12:19','2018-12-06 18:12:19','2018-12-06 18:12:19','13zBJqefCw'),(209,'Hortense Stamm V','Darren Crona','hyatt.lily@example.net',20906183,'hyatt.lily@example.net','$2y$10$TKh8H1.PfQx37YgCzwiKb.KjNyWgaHb9cbcoQgdIVFlYg7B77UdFm',NULL,NULL,NULL,NULL,'2018-12-06 18:12:19','2018-12-06 18:12:19','2018-12-06 18:12:19','Q3UNl2LFI3'),(210,'Wendy Fritsch','Prof. Dolores Spinka','nicolas.kaci@example.com',27283499,'nicolas.kaci@example.com','$2y$10$TKh8H1.PfQx37YgCzwiKb.KjNyWgaHb9cbcoQgdIVFlYg7B77UdFm',NULL,NULL,NULL,NULL,'2018-12-06 18:12:19','2018-12-06 18:12:19','2018-12-06 18:12:19','bS0XuCYR5k'),(211,'Cecelia Davis','Dr. Helena Brown Sr.','walsh.haleigh@example.org',25430859,'walsh.haleigh@example.org','$2y$10$TKh8H1.PfQx37YgCzwiKb.KjNyWgaHb9cbcoQgdIVFlYg7B77UdFm',NULL,NULL,NULL,NULL,'2018-12-06 18:12:20','2018-12-06 18:12:20','2018-12-06 18:12:19','z98swUXDH2'),(212,'Courtney Connelly','Fredrick Corkery II','dickens.daija@example.org',61150938,'dickens.daija@example.org','$2y$10$TKh8H1.PfQx37YgCzwiKb.KjNyWgaHb9cbcoQgdIVFlYg7B77UdFm',NULL,NULL,NULL,NULL,'2018-12-06 18:12:20','2018-12-06 18:12:20','2018-12-06 18:12:19','Au6qhyrHMu'),(213,'Cordie Mohr','Emmy Wuckert','lpfeffer@example.net',90279268,'lpfeffer@example.net','$2y$10$TKh8H1.PfQx37YgCzwiKb.KjNyWgaHb9cbcoQgdIVFlYg7B77UdFm',NULL,NULL,NULL,NULL,'2018-12-06 18:12:20','2018-12-06 18:12:20','2018-12-06 18:12:19','bFPQOsbaED'),(214,'Dr. Arnaldo Buckridge I','Lemuel Gerhold IV','cummerata.cierra@example.net',72285209,'cummerata.cierra@example.net','$2y$10$TKh8H1.PfQx37YgCzwiKb.KjNyWgaHb9cbcoQgdIVFlYg7B77UdFm',NULL,NULL,NULL,NULL,'2018-12-06 18:12:20','2018-12-06 18:12:20','2018-12-06 18:12:19','Klccv0cDxl'),(215,'Payton Davis','Dr. Wilhelm Schaden DDS','oleffler@example.org',83162965,'oleffler@example.org','$2y$10$TKh8H1.PfQx37YgCzwiKb.KjNyWgaHb9cbcoQgdIVFlYg7B77UdFm',NULL,NULL,NULL,NULL,'2018-12-06 18:12:20','2018-12-06 18:12:20','2018-12-06 18:12:19','m6NGJU7eaq'),(216,'Eric Kulas','Mr. Kristofer Kirlin','fredrick52@example.org',80748154,'fredrick52@example.org','$2y$10$TKh8H1.PfQx37YgCzwiKb.KjNyWgaHb9cbcoQgdIVFlYg7B77UdFm',NULL,NULL,NULL,NULL,'2018-12-06 18:12:20','2018-12-06 18:12:20','2018-12-06 18:12:19','O49UavQTWs'),(217,'Prof. Dina Denesik MD','Jarod Stracke','monte91@example.net',54859729,'monte91@example.net','$2y$10$TKh8H1.PfQx37YgCzwiKb.KjNyWgaHb9cbcoQgdIVFlYg7B77UdFm',NULL,NULL,NULL,NULL,'2018-12-06 18:12:20','2018-12-06 18:12:20','2018-12-06 18:12:19','0qHYqFxwNB'),(218,'Alta Kub','Domenica Orn','marlee.donnelly@example.org',81614963,'marlee.donnelly@example.org','$2y$10$TKh8H1.PfQx37YgCzwiKb.KjNyWgaHb9cbcoQgdIVFlYg7B77UdFm',NULL,NULL,NULL,NULL,'2018-12-06 18:12:20','2018-12-06 18:12:20','2018-12-06 18:12:19','qsEMb7v2XE'),(219,'Bradford Toy','Dr. Treva Berge V','keenan40@example.com',28969739,'keenan40@example.com','$2y$10$TKh8H1.PfQx37YgCzwiKb.KjNyWgaHb9cbcoQgdIVFlYg7B77UdFm',NULL,NULL,NULL,NULL,'2018-12-06 18:12:20','2018-12-06 18:12:20','2018-12-06 18:12:19','OZha7BWFhB'),(220,'Prof. Emmitt Hammes IV','Kaitlyn Kiehn','zmetz@example.org',43206732,'zmetz@example.org','$2y$10$TKh8H1.PfQx37YgCzwiKb.KjNyWgaHb9cbcoQgdIVFlYg7B77UdFm',NULL,NULL,NULL,NULL,'2018-12-06 18:12:20','2018-12-06 18:12:20','2018-12-06 18:12:19','lr51jf4EWc'),(221,'Dr. Rosalinda Stark MD','Fay Stamm','francis.kuhic@example.com',81296437,'francis.kuhic@example.com','$2y$10$TKh8H1.PfQx37YgCzwiKb.KjNyWgaHb9cbcoQgdIVFlYg7B77UdFm',NULL,NULL,NULL,NULL,'2018-12-06 18:12:20','2018-12-06 18:12:20','2018-12-06 18:12:19','HwB56D28vy'),(222,'Taryn Spinka','Alexanne Crooks','ernser.kaya@example.com',46042755,'ernser.kaya@example.com','$2y$10$TKh8H1.PfQx37YgCzwiKb.KjNyWgaHb9cbcoQgdIVFlYg7B77UdFm',NULL,NULL,NULL,NULL,'2018-12-06 18:12:20','2018-12-06 18:12:20','2018-12-06 18:12:19','ouSXS2ipLE'),(223,'Conor Jacobson','Marion Dickens DDS','mann.edmond@example.org',58640994,'mann.edmond@example.org','$2y$10$TKh8H1.PfQx37YgCzwiKb.KjNyWgaHb9cbcoQgdIVFlYg7B77UdFm',NULL,NULL,NULL,NULL,'2018-12-06 18:12:20','2018-12-06 18:12:20','2018-12-06 18:12:19','ecCgCREDrw'),(224,'Miss Flossie McKenzie','Miss Josianne Jerde DDS','jada18@example.com',27325088,'jada18@example.com','$2y$10$TKh8H1.PfQx37YgCzwiKb.KjNyWgaHb9cbcoQgdIVFlYg7B77UdFm',NULL,NULL,NULL,NULL,'2018-12-06 18:12:20','2018-12-06 18:12:20','2018-12-06 18:12:19','8cvQljf1pS'),(225,'Serena Steuber','Mrs. Katrine Lesch Jr.','phill@example.net',92181903,'phill@example.net','$2y$10$TKh8H1.PfQx37YgCzwiKb.KjNyWgaHb9cbcoQgdIVFlYg7B77UdFm',NULL,NULL,NULL,NULL,'2018-12-06 18:12:20','2018-12-06 18:12:20','2018-12-06 18:12:19','kvVdAeWjs5'),(226,'Prof. Stone Price','Prof. Omer Swaniawski','trisha.schowalter@example.org',72380882,'trisha.schowalter@example.org','$2y$10$TKh8H1.PfQx37YgCzwiKb.KjNyWgaHb9cbcoQgdIVFlYg7B77UdFm',NULL,NULL,NULL,NULL,'2018-12-06 18:12:20','2018-12-06 18:12:20','2018-12-06 18:12:19','lZTDQl6lXc'),(227,'Elwin Schoen','Dr. Katlyn Osinski DDS','ross51@example.com',60434334,'ross51@example.com','$2y$10$TKh8H1.PfQx37YgCzwiKb.KjNyWgaHb9cbcoQgdIVFlYg7B77UdFm',NULL,NULL,NULL,NULL,'2018-12-06 18:12:20','2018-12-06 18:12:20','2018-12-06 18:12:19','g4UWX8h0wC'),(228,'D\'angelo Schneider Sr.','Mr. August Kub III','jacobs.jocelyn@example.net',94606585,'jacobs.jocelyn@example.net','$2y$10$TKh8H1.PfQx37YgCzwiKb.KjNyWgaHb9cbcoQgdIVFlYg7B77UdFm',NULL,NULL,NULL,NULL,'2018-12-06 18:12:20','2018-12-06 18:12:20','2018-12-06 18:12:19','zoWUzuRv2U'),(229,'Trisha Becker','Prof. Ophelia Beier','wbernhard@example.net',90638300,'wbernhard@example.net','$2y$10$TKh8H1.PfQx37YgCzwiKb.KjNyWgaHb9cbcoQgdIVFlYg7B77UdFm',NULL,NULL,NULL,NULL,'2018-12-06 18:12:20','2018-12-06 18:12:20','2018-12-06 18:12:19','ypsFUMziTd'),(230,'Evert Feeney','Prof. Toney VonRueden II','jaylon.anderson@example.org',81846752,'jaylon.anderson@example.org','$2y$10$TKh8H1.PfQx37YgCzwiKb.KjNyWgaHb9cbcoQgdIVFlYg7B77UdFm',NULL,NULL,NULL,NULL,'2018-12-06 18:12:20','2018-12-06 18:12:20','2018-12-06 18:12:19','uFhUKI0fDo'),(231,'Rosario Hirthe II','Bethel Dickens','gchamplin@example.org',16261845,'gchamplin@example.org','$2y$10$TKh8H1.PfQx37YgCzwiKb.KjNyWgaHb9cbcoQgdIVFlYg7B77UdFm',NULL,NULL,NULL,NULL,'2018-12-06 18:12:20','2018-12-06 18:12:20','2018-12-06 18:12:19','fmpX2wrcoU'),(232,'Luz Lang','Linnie Hintz','fcarroll@example.com',64994250,'fcarroll@example.com','$2y$10$TKh8H1.PfQx37YgCzwiKb.KjNyWgaHb9cbcoQgdIVFlYg7B77UdFm',NULL,NULL,NULL,NULL,'2018-12-06 18:12:21','2018-12-06 18:12:21','2018-12-06 18:12:19','wjBefueKLd'),(233,'Dr. Earl Abernathy III','Neal Parisian','tmarvin@example.net',25903873,'tmarvin@example.net','$2y$10$TKh8H1.PfQx37YgCzwiKb.KjNyWgaHb9cbcoQgdIVFlYg7B77UdFm',NULL,NULL,NULL,NULL,'2018-12-06 18:12:21','2018-12-06 18:12:21','2018-12-06 18:12:19','QH9NfkvZhL'),(234,'Makayla Waters Jr.','Jon Murphy','blick.bobbie@example.org',81489519,'blick.bobbie@example.org','$2y$10$TKh8H1.PfQx37YgCzwiKb.KjNyWgaHb9cbcoQgdIVFlYg7B77UdFm',NULL,NULL,NULL,NULL,'2018-12-06 18:12:21','2018-12-06 18:12:21','2018-12-06 18:12:19','wBhHQeKyBl'),(235,'Adelbert Nader','Chad Koepp','vklocko@example.org',34584605,'vklocko@example.org','$2y$10$TKh8H1.PfQx37YgCzwiKb.KjNyWgaHb9cbcoQgdIVFlYg7B77UdFm',NULL,NULL,NULL,NULL,'2018-12-06 18:12:21','2018-12-06 18:12:21','2018-12-06 18:12:19','SAvmxJ5qek'),(236,'Prof. Christophe O\'Kon Jr.','Alexandra Denesik','chandler60@example.org',36568562,'chandler60@example.org','$2y$10$TKh8H1.PfQx37YgCzwiKb.KjNyWgaHb9cbcoQgdIVFlYg7B77UdFm',NULL,NULL,NULL,NULL,'2018-12-06 18:12:21','2018-12-06 18:12:21','2018-12-06 18:12:19','MxQ2fiHUdj'),(237,'Prof. Jevon Murazik III','Lacy Schimmel','raheem00@example.net',50622071,'raheem00@example.net','$2y$10$TKh8H1.PfQx37YgCzwiKb.KjNyWgaHb9cbcoQgdIVFlYg7B77UdFm',NULL,NULL,NULL,NULL,'2018-12-06 18:12:21','2018-12-06 18:12:21','2018-12-06 18:12:19','w3mjY5JN3y'),(238,'Elwin Blick','Maxime Prosacco III','dahlia48@example.net',50438246,'dahlia48@example.net','$2y$10$TKh8H1.PfQx37YgCzwiKb.KjNyWgaHb9cbcoQgdIVFlYg7B77UdFm',NULL,NULL,NULL,NULL,'2018-12-06 18:12:21','2018-12-06 18:12:21','2018-12-06 18:12:19','roAHlNkfPU'),(239,'Lesley Halvorson','Dr. Christina Brakus DDS','vickie33@example.com',72628907,'vickie33@example.com','$2y$10$TKh8H1.PfQx37YgCzwiKb.KjNyWgaHb9cbcoQgdIVFlYg7B77UdFm',NULL,NULL,NULL,NULL,'2018-12-06 18:12:21','2018-12-06 18:12:21','2018-12-06 18:12:19','i5RfTKcHMY'),(240,'Ms. Kira Haley PhD','Ms. Edythe Gibson II','schimmel.chaya@example.org',41650067,'schimmel.chaya@example.org','$2y$10$TKh8H1.PfQx37YgCzwiKb.KjNyWgaHb9cbcoQgdIVFlYg7B77UdFm',NULL,NULL,NULL,NULL,'2018-12-06 18:12:21','2018-12-06 18:12:21','2018-12-06 18:12:19','qFR3l2xleA'),(241,'Jeremy Jacobson','Brody Gutmann','hahn.geo@example.org',73457573,'hahn.geo@example.org','$2y$10$TKh8H1.PfQx37YgCzwiKb.KjNyWgaHb9cbcoQgdIVFlYg7B77UdFm',NULL,NULL,NULL,NULL,'2018-12-06 18:12:21','2018-12-06 18:12:21','2018-12-06 18:12:19','Yja6SSIabx'),(242,'Cary Quitzon','Norval Cummerata II','laura77@example.org',28496448,'laura77@example.org','$2y$10$TKh8H1.PfQx37YgCzwiKb.KjNyWgaHb9cbcoQgdIVFlYg7B77UdFm',NULL,NULL,NULL,NULL,'2018-12-06 18:12:21','2018-12-06 18:12:21','2018-12-06 18:12:19','ZS5akO0SeS'),(243,'Agustin Witting','Kaylin Swaniawski DDS','princess.parker@example.net',88778849,'princess.parker@example.net','$2y$10$TKh8H1.PfQx37YgCzwiKb.KjNyWgaHb9cbcoQgdIVFlYg7B77UdFm',NULL,NULL,NULL,NULL,'2018-12-06 18:12:21','2018-12-06 18:12:21','2018-12-06 18:12:19','5FndJ8EE3U'),(244,'Yolanda Conn','Arch Vandervort','aabernathy@example.com',58081352,'aabernathy@example.com','$2y$10$TKh8H1.PfQx37YgCzwiKb.KjNyWgaHb9cbcoQgdIVFlYg7B77UdFm',NULL,NULL,NULL,NULL,'2018-12-06 18:12:21','2018-12-06 18:12:21','2018-12-06 18:12:19','g70qPwljkB'),(245,'Cicero Collins','Prof. Carlos Toy I','adela00@example.net',86265475,'adela00@example.net','$2y$10$TKh8H1.PfQx37YgCzwiKb.KjNyWgaHb9cbcoQgdIVFlYg7B77UdFm',NULL,NULL,NULL,NULL,'2018-12-06 18:12:21','2018-12-06 18:12:21','2018-12-06 18:12:19','l6rFOppAhB'),(246,'Dr. Jermey Bauch','Prof. Lorenza Botsford Sr.','osinski.antonia@example.net',50078702,'osinski.antonia@example.net','$2y$10$TKh8H1.PfQx37YgCzwiKb.KjNyWgaHb9cbcoQgdIVFlYg7B77UdFm',NULL,NULL,NULL,NULL,'2018-12-06 18:12:21','2018-12-06 18:12:21','2018-12-06 18:12:19','5CXM4IenEj'),(247,'Cletus Mitchell','Prof. Bell Stoltenberg II','wunsch.etha@example.org',70804811,'wunsch.etha@example.org','$2y$10$TKh8H1.PfQx37YgCzwiKb.KjNyWgaHb9cbcoQgdIVFlYg7B77UdFm',NULL,NULL,NULL,NULL,'2018-12-06 18:12:21','2018-12-06 18:12:21','2018-12-06 18:12:19','V8buwoxapT'),(248,'Hattie Keeling','Lavina Wisoky','lgottlieb@example.net',63074077,'lgottlieb@example.net','$2y$10$TKh8H1.PfQx37YgCzwiKb.KjNyWgaHb9cbcoQgdIVFlYg7B77UdFm',NULL,NULL,NULL,NULL,'2018-12-06 18:12:21','2018-12-06 18:12:21','2018-12-06 18:12:19','Ooo2U9KTIZ'),(249,'Matt Keebler','Rosario Bergnaum II','jlockman@example.org',94458595,'jlockman@example.org','$2y$10$TKh8H1.PfQx37YgCzwiKb.KjNyWgaHb9cbcoQgdIVFlYg7B77UdFm',NULL,NULL,NULL,NULL,'2018-12-06 18:12:21','2018-12-06 18:12:21','2018-12-06 18:12:19','5zplv0EyG9'),(250,'Carmelo Turcotte','Andreane Goldner','leopoldo.ankunding@example.net',48977287,'leopoldo.ankunding@example.net','$2y$10$TKh8H1.PfQx37YgCzwiKb.KjNyWgaHb9cbcoQgdIVFlYg7B77UdFm',NULL,NULL,NULL,NULL,'2018-12-06 18:12:21','2018-12-06 18:12:21','2018-12-06 18:12:19','AgEiqb0xgN'),(251,'Dr. Jayne Heathcote III','Sammy Johnson','robyn92@example.com',13173458,'robyn92@example.com','$2y$10$TKh8H1.PfQx37YgCzwiKb.KjNyWgaHb9cbcoQgdIVFlYg7B77UdFm',NULL,NULL,NULL,NULL,'2018-12-06 18:12:21','2018-12-06 18:12:21','2018-12-06 18:12:19','24qsrQJETU'),(252,'Armani Gleason','Cecil Auer III','viva48@example.com',24687588,'viva48@example.com','$2y$10$TKh8H1.PfQx37YgCzwiKb.KjNyWgaHb9cbcoQgdIVFlYg7B77UdFm',NULL,NULL,NULL,NULL,'2018-12-06 18:12:21','2018-12-06 18:12:21','2018-12-06 18:12:19','zEtFu9RR69'),(253,'Joany Quigley','Ms. Marjolaine Lockman V','margarett93@example.org',17065167,'margarett93@example.org','$2y$10$TKh8H1.PfQx37YgCzwiKb.KjNyWgaHb9cbcoQgdIVFlYg7B77UdFm',NULL,NULL,NULL,NULL,'2018-12-06 18:12:21','2018-12-06 18:12:21','2018-12-06 18:12:19','3dAYgnXN2w'),(254,'Savanna Reichel','Davion Lynch','stephany78@example.net',94645407,'stephany78@example.net','$2y$10$TKh8H1.PfQx37YgCzwiKb.KjNyWgaHb9cbcoQgdIVFlYg7B77UdFm',NULL,NULL,NULL,NULL,'2018-12-06 18:12:21','2018-12-06 18:12:21','2018-12-06 18:12:19','0TPCaIUHGv'),(255,'Joshuah Langworth','Rosemary Treutel','nienow.tamara@example.com',48142043,'nienow.tamara@example.com','$2y$10$TKh8H1.PfQx37YgCzwiKb.KjNyWgaHb9cbcoQgdIVFlYg7B77UdFm',NULL,NULL,NULL,NULL,'2018-12-06 18:12:21','2018-12-06 18:12:21','2018-12-06 18:12:19','gWw78KPVgx'),(256,'Mrs. Lauretta Blick','Chesley King','chaz09@example.com',23112396,'chaz09@example.com','$2y$10$TKh8H1.PfQx37YgCzwiKb.KjNyWgaHb9cbcoQgdIVFlYg7B77UdFm',NULL,NULL,NULL,NULL,'2018-12-06 18:12:21','2018-12-06 18:12:21','2018-12-06 18:12:19','y5E4jyjaHa'),(257,'Domenick Gislason','Colleen Mante','wunsch.joanne@example.net',92807644,'wunsch.joanne@example.net','$2y$10$TKh8H1.PfQx37YgCzwiKb.KjNyWgaHb9cbcoQgdIVFlYg7B77UdFm',NULL,NULL,NULL,NULL,'2018-12-06 18:13:05','2018-12-06 18:13:05','2018-12-06 18:13:05','6EWk9Iykki'),(258,'Madison Schmitt','Miss Elna Graham II','patience42@example.net',56241415,'patience42@example.net','$2y$10$TKh8H1.PfQx37YgCzwiKb.KjNyWgaHb9cbcoQgdIVFlYg7B77UdFm',NULL,NULL,NULL,NULL,'2018-12-06 18:13:05','2018-12-06 18:13:05','2018-12-06 18:13:05','KiiDVMC3Qa'),(259,'Edward Beatty III','Ms. Delphia Mohr MD','zjohnson@example.org',21393095,'zjohnson@example.org','$2y$10$TKh8H1.PfQx37YgCzwiKb.KjNyWgaHb9cbcoQgdIVFlYg7B77UdFm',NULL,NULL,NULL,NULL,'2018-12-06 18:13:05','2018-12-06 18:13:05','2018-12-06 18:13:05','oUCsSFnatg'),(260,'Freida Weimann','Domenico Kling','squitzon@example.com',83425988,'squitzon@example.com','$2y$10$TKh8H1.PfQx37YgCzwiKb.KjNyWgaHb9cbcoQgdIVFlYg7B77UdFm',NULL,NULL,NULL,NULL,'2018-12-06 18:13:05','2018-12-06 18:13:05','2018-12-06 18:13:05','R9dDjCmZIn'),(261,'Dr. Hope Rolfson Sr.','Kristina Feil PhD','oschmidt@example.com',38668808,'oschmidt@example.com','$2y$10$TKh8H1.PfQx37YgCzwiKb.KjNyWgaHb9cbcoQgdIVFlYg7B77UdFm',NULL,NULL,NULL,NULL,'2018-12-06 18:13:05','2018-12-06 18:13:05','2018-12-06 18:13:05','I4J7B5TNZW'),(262,'Mr. Berry Robel','Kareem Breitenberg I','xklein@example.net',57919556,'xklein@example.net','$2y$10$TKh8H1.PfQx37YgCzwiKb.KjNyWgaHb9cbcoQgdIVFlYg7B77UdFm',NULL,NULL,NULL,NULL,'2018-12-06 18:13:05','2018-12-06 18:13:05','2018-12-06 18:13:05','OrXHQGET6V'),(263,'Prof. Corine Upton PhD','Sibyl Reynolds III','elmo.monahan@example.org',74247161,'elmo.monahan@example.org','$2y$10$TKh8H1.PfQx37YgCzwiKb.KjNyWgaHb9cbcoQgdIVFlYg7B77UdFm',NULL,NULL,NULL,NULL,'2018-12-06 18:13:05','2018-12-06 18:13:05','2018-12-06 18:13:05','kxeuIdYfUf'),(264,'Deontae Corkery','Christiana Cummerata','reanna.kling@example.org',14465111,'reanna.kling@example.org','$2y$10$TKh8H1.PfQx37YgCzwiKb.KjNyWgaHb9cbcoQgdIVFlYg7B77UdFm',NULL,NULL,NULL,NULL,'2018-12-06 18:13:05','2018-12-06 18:13:05','2018-12-06 18:13:05','pXHX77nnGp'),(265,'Dr. Noble Jenkins V','Timmy Willms','dawn09@example.org',21478160,'dawn09@example.org','$2y$10$TKh8H1.PfQx37YgCzwiKb.KjNyWgaHb9cbcoQgdIVFlYg7B77UdFm',NULL,NULL,NULL,NULL,'2018-12-06 18:13:06','2018-12-06 18:13:06','2018-12-06 18:13:05','Ki0R0A8Xnt'),(266,'Antoinette Goyette','Chaz Luettgen IV','lura59@example.org',39479993,'lura59@example.org','$2y$10$TKh8H1.PfQx37YgCzwiKb.KjNyWgaHb9cbcoQgdIVFlYg7B77UdFm',NULL,NULL,NULL,NULL,'2018-12-06 18:13:06','2018-12-06 18:13:06','2018-12-06 18:13:05','SiQF672Xib'),(267,'Lysanne Bode','Erica Roob','parker.beatrice@example.com',90530501,'parker.beatrice@example.com','$2y$10$TKh8H1.PfQx37YgCzwiKb.KjNyWgaHb9cbcoQgdIVFlYg7B77UdFm',NULL,NULL,NULL,NULL,'2018-12-06 18:13:06','2018-12-06 18:13:06','2018-12-06 18:13:05','aXDFNVdtWf'),(268,'Noe Rohan','Alden Leffler','bfisher@example.org',23224298,'bfisher@example.org','$2y$10$TKh8H1.PfQx37YgCzwiKb.KjNyWgaHb9cbcoQgdIVFlYg7B77UdFm',NULL,NULL,NULL,NULL,'2018-12-06 18:13:06','2018-12-06 18:13:06','2018-12-06 18:13:05','q3814UcKyJ'),(269,'Dell D\'Amore','Cecil Grady','alessandro.gulgowski@example.net',59213538,'alessandro.gulgowski@example.net','$2y$10$TKh8H1.PfQx37YgCzwiKb.KjNyWgaHb9cbcoQgdIVFlYg7B77UdFm',NULL,NULL,NULL,NULL,'2018-12-06 18:13:06','2018-12-06 18:13:06','2018-12-06 18:13:05','F9fGcZbKaw'),(270,'Zula Brown','Darby Macejkovic','enid.hodkiewicz@example.org',89192371,'enid.hodkiewicz@example.org','$2y$10$TKh8H1.PfQx37YgCzwiKb.KjNyWgaHb9cbcoQgdIVFlYg7B77UdFm',NULL,NULL,NULL,NULL,'2018-12-06 18:13:06','2018-12-06 18:13:06','2018-12-06 18:13:05','4kasDCVKOe'),(271,'Verona Will','Ms. Tierra Kreiger','ezra30@example.net',32770442,'ezra30@example.net','$2y$10$TKh8H1.PfQx37YgCzwiKb.KjNyWgaHb9cbcoQgdIVFlYg7B77UdFm',NULL,NULL,NULL,NULL,'2018-12-06 18:13:06','2018-12-06 18:13:06','2018-12-06 18:13:05','XzxK2bZXZi'),(272,'Mrs. Margaretta Jenkins III','Franco Walker II','kuhic.isaiah@example.com',17680048,'kuhic.isaiah@example.com','$2y$10$TKh8H1.PfQx37YgCzwiKb.KjNyWgaHb9cbcoQgdIVFlYg7B77UdFm',NULL,NULL,NULL,NULL,'2018-12-06 18:13:06','2018-12-06 18:13:06','2018-12-06 18:13:05','UlVE6fYnjN'),(273,'Columbus Cassin','Deborah Koepp','pink.rath@example.net',86007467,'pink.rath@example.net','$2y$10$TKh8H1.PfQx37YgCzwiKb.KjNyWgaHb9cbcoQgdIVFlYg7B77UdFm',NULL,NULL,NULL,NULL,'2018-12-06 18:13:06','2018-12-06 18:13:06','2018-12-06 18:13:05','BkAYIZNTFn'),(274,'Prof. Dane Schuppe DDS','Trey Hickle','keara39@example.com',33417274,'keara39@example.com','$2y$10$TKh8H1.PfQx37YgCzwiKb.KjNyWgaHb9cbcoQgdIVFlYg7B77UdFm',NULL,NULL,NULL,NULL,'2018-12-06 18:13:06','2018-12-06 18:13:06','2018-12-06 18:13:05','ZUQwjcfHIL'),(275,'Kasey Koch','Lew Satterfield','zstracke@example.com',82617502,'zstracke@example.com','$2y$10$TKh8H1.PfQx37YgCzwiKb.KjNyWgaHb9cbcoQgdIVFlYg7B77UdFm',NULL,NULL,NULL,NULL,'2018-12-06 18:13:06','2018-12-06 18:13:06','2018-12-06 18:13:05','csg27FKn3c'),(276,'Kavon Vandervort','Dr. Lamar McLaughlin PhD','jennie83@example.org',98477253,'jennie83@example.org','$2y$10$TKh8H1.PfQx37YgCzwiKb.KjNyWgaHb9cbcoQgdIVFlYg7B77UdFm',NULL,NULL,NULL,NULL,'2018-12-06 18:13:06','2018-12-06 18:13:06','2018-12-06 18:13:05','uDH2Xej5Y2'),(277,'Dr. Karine Howell DDS','Tod Hagenes','hosinski@example.org',24359405,'hosinski@example.org','$2y$10$TKh8H1.PfQx37YgCzwiKb.KjNyWgaHb9cbcoQgdIVFlYg7B77UdFm',NULL,NULL,NULL,NULL,'2018-12-06 18:13:06','2018-12-06 18:13:06','2018-12-06 18:13:05','pIKfoMS37Q'),(278,'Shaylee Balistreri','Charlotte Collins','littel.jazmyne@example.org',14403595,'littel.jazmyne@example.org','$2y$10$TKh8H1.PfQx37YgCzwiKb.KjNyWgaHb9cbcoQgdIVFlYg7B77UdFm',NULL,NULL,NULL,NULL,'2018-12-06 18:13:06','2018-12-06 18:13:06','2018-12-06 18:13:05','0WGFaTNZWR'),(279,'Tatum Koelpin PhD','Rollin Wuckert Jr.','emard.susanna@example.net',86020089,'emard.susanna@example.net','$2y$10$TKh8H1.PfQx37YgCzwiKb.KjNyWgaHb9cbcoQgdIVFlYg7B77UdFm',NULL,NULL,NULL,NULL,'2018-12-06 18:13:06','2018-12-06 18:13:06','2018-12-06 18:13:05','Trfyj9BkfY'),(280,'Kole Nicolas','Cathy Medhurst','skiles.fern@example.org',64351847,'skiles.fern@example.org','$2y$10$TKh8H1.PfQx37YgCzwiKb.KjNyWgaHb9cbcoQgdIVFlYg7B77UdFm',NULL,NULL,NULL,NULL,'2018-12-06 18:13:07','2018-12-06 18:13:07','2018-12-06 18:13:05','1iz5DgdhJk'),(281,'Sylvia Heathcote','Mr. Raymundo Wolf DDS','stoltenberg.susie@example.com',42884859,'stoltenberg.susie@example.com','$2y$10$TKh8H1.PfQx37YgCzwiKb.KjNyWgaHb9cbcoQgdIVFlYg7B77UdFm',NULL,NULL,NULL,NULL,'2018-12-06 18:13:07','2018-12-06 18:13:07','2018-12-06 18:13:05','v9ZxsvQyn7'),(282,'Josianne Kulas','Prof. Kory Hauck V','wnitzsche@example.org',19430713,'wnitzsche@example.org','$2y$10$TKh8H1.PfQx37YgCzwiKb.KjNyWgaHb9cbcoQgdIVFlYg7B77UdFm',NULL,NULL,NULL,NULL,'2018-12-06 18:13:07','2018-12-06 18:13:07','2018-12-06 18:13:05','WN6lOrQbJS'),(283,'Reagan Gottlieb','Jolie Willms','brakus.omari@example.org',33606513,'brakus.omari@example.org','$2y$10$TKh8H1.PfQx37YgCzwiKb.KjNyWgaHb9cbcoQgdIVFlYg7B77UdFm',NULL,NULL,NULL,NULL,'2018-12-06 18:13:07','2018-12-06 18:13:07','2018-12-06 18:13:05','pREqTuJJer'),(284,'Alan Cummings','Claire Mayer','flo.harber@example.com',82428973,'flo.harber@example.com','$2y$10$TKh8H1.PfQx37YgCzwiKb.KjNyWgaHb9cbcoQgdIVFlYg7B77UdFm',NULL,NULL,NULL,NULL,'2018-12-06 18:13:07','2018-12-06 18:13:07','2018-12-06 18:13:05','HFXDXrJLk7'),(285,'Chase Prohaska MD','Aglae Lindgren','porter61@example.net',59712119,'porter61@example.net','$2y$10$TKh8H1.PfQx37YgCzwiKb.KjNyWgaHb9cbcoQgdIVFlYg7B77UdFm',NULL,NULL,NULL,NULL,'2018-12-06 18:13:07','2018-12-06 18:13:07','2018-12-06 18:13:05','DPS4bVWt8L'),(286,'Lily Kling','Dr. Shaun Abshire','hauck.devante@example.org',51575742,'hauck.devante@example.org','$2y$10$TKh8H1.PfQx37YgCzwiKb.KjNyWgaHb9cbcoQgdIVFlYg7B77UdFm',NULL,NULL,NULL,NULL,'2018-12-06 18:13:07','2018-12-06 18:13:07','2018-12-06 18:13:05','WP3G4eYUqi'),(287,'Hattie Dietrich','Favian Murray','sromaguera@example.net',82055332,'sromaguera@example.net','$2y$10$TKh8H1.PfQx37YgCzwiKb.KjNyWgaHb9cbcoQgdIVFlYg7B77UdFm',NULL,NULL,NULL,NULL,'2018-12-06 18:13:07','2018-12-06 18:13:07','2018-12-06 18:13:05','LGPNSbkFKP'),(288,'Furman Hyatt','Nayeli Kulas','mlittel@example.org',48659758,'mlittel@example.org','$2y$10$TKh8H1.PfQx37YgCzwiKb.KjNyWgaHb9cbcoQgdIVFlYg7B77UdFm',NULL,NULL,NULL,NULL,'2018-12-06 18:13:07','2018-12-06 18:13:07','2018-12-06 18:13:05','YCRISs1raU'),(289,'Dr. Adella Hirthe','Miss Liliana Schaefer II','ryleigh.mcdermott@example.net',15697279,'ryleigh.mcdermott@example.net','$2y$10$TKh8H1.PfQx37YgCzwiKb.KjNyWgaHb9cbcoQgdIVFlYg7B77UdFm',NULL,NULL,NULL,NULL,'2018-12-06 18:13:07','2018-12-06 18:13:07','2018-12-06 18:13:05','CUMMuL0dxP'),(290,'Zelma Bosco IV','Miss Audreanne Mertz','christiansen.leta@example.org',39481395,'christiansen.leta@example.org','$2y$10$TKh8H1.PfQx37YgCzwiKb.KjNyWgaHb9cbcoQgdIVFlYg7B77UdFm',NULL,NULL,NULL,NULL,'2018-12-06 18:13:07','2018-12-06 18:13:07','2018-12-06 18:13:05','bsxhIQzumf'),(291,'Raphael Will','Koby Beier','cathryn.hermiston@example.net',88667763,'cathryn.hermiston@example.net','$2y$10$TKh8H1.PfQx37YgCzwiKb.KjNyWgaHb9cbcoQgdIVFlYg7B77UdFm',NULL,NULL,NULL,NULL,'2018-12-06 18:13:07','2018-12-06 18:13:07','2018-12-06 18:13:05','2T3s2pySf2'),(292,'Aurelio Glover Sr.','Marguerite Willms','ansley31@example.com',74917764,'ansley31@example.com','$2y$10$TKh8H1.PfQx37YgCzwiKb.KjNyWgaHb9cbcoQgdIVFlYg7B77UdFm',NULL,NULL,NULL,NULL,'2018-12-06 18:13:07','2018-12-06 18:13:07','2018-12-06 18:13:05','gdqgU1KdPo'),(293,'Reynold Gislason','Lulu White','astrid61@example.org',75258427,'astrid61@example.org','$2y$10$TKh8H1.PfQx37YgCzwiKb.KjNyWgaHb9cbcoQgdIVFlYg7B77UdFm',NULL,NULL,NULL,NULL,'2018-12-06 18:13:07','2018-12-06 18:13:07','2018-12-06 18:13:05','HT0zIx72FC'),(294,'Noel Langosh','Quentin Nienow','fidel.conn@example.com',42303512,'fidel.conn@example.com','$2y$10$TKh8H1.PfQx37YgCzwiKb.KjNyWgaHb9cbcoQgdIVFlYg7B77UdFm',NULL,NULL,NULL,NULL,'2018-12-06 18:13:07','2018-12-06 18:13:07','2018-12-06 18:13:05','TIkTjsPWpu'),(295,'Cicero Connelly','Hadley Rosenbaum IV','rbode@example.org',73247681,'rbode@example.org','$2y$10$TKh8H1.PfQx37YgCzwiKb.KjNyWgaHb9cbcoQgdIVFlYg7B77UdFm',NULL,NULL,NULL,NULL,'2018-12-06 18:13:07','2018-12-06 18:13:07','2018-12-06 18:13:05','pKXZCRzZK6'),(296,'Dr. Salvatore Lindgren DDS','Prof. Lura Abbott','barrows.juliet@example.com',69535732,'barrows.juliet@example.com','$2y$10$TKh8H1.PfQx37YgCzwiKb.KjNyWgaHb9cbcoQgdIVFlYg7B77UdFm',NULL,NULL,NULL,NULL,'2018-12-06 18:13:07','2018-12-06 18:13:07','2018-12-06 18:13:05','DNbvJBrsLw'),(297,'Dangelo Bogisich','Keith Daniel','cartwright.estrella@example.com',42675308,'cartwright.estrella@example.com','$2y$10$TKh8H1.PfQx37YgCzwiKb.KjNyWgaHb9cbcoQgdIVFlYg7B77UdFm',NULL,NULL,NULL,NULL,'2018-12-06 18:13:07','2018-12-06 18:13:07','2018-12-06 18:13:05','brO4MOhxQB'),(298,'Autumn Kuhlman','Dr. Webster Ankunding','yrodriguez@example.net',45619722,'yrodriguez@example.net','$2y$10$TKh8H1.PfQx37YgCzwiKb.KjNyWgaHb9cbcoQgdIVFlYg7B77UdFm',NULL,NULL,NULL,NULL,'2018-12-06 18:13:07','2018-12-06 18:13:07','2018-12-06 18:13:05','I1wITBKhpP'),(299,'Damien Bode DVM','Geo Lakin','brekke.vinnie@example.com',19206994,'brekke.vinnie@example.com','$2y$10$TKh8H1.PfQx37YgCzwiKb.KjNyWgaHb9cbcoQgdIVFlYg7B77UdFm',NULL,NULL,NULL,NULL,'2018-12-06 18:13:07','2018-12-06 18:13:07','2018-12-06 18:13:05','jXokJDgnVF'),(300,'Melissa Gorczany DDS','Dena Schroeder','mohammed.senger@example.net',88524232,'mohammed.senger@example.net','$2y$10$TKh8H1.PfQx37YgCzwiKb.KjNyWgaHb9cbcoQgdIVFlYg7B77UdFm',NULL,NULL,NULL,NULL,'2018-12-06 18:13:07','2018-12-06 18:13:07','2018-12-06 18:13:05','0dNUGQwIcj'),(301,'Dr. Allen Stokes','Krystina Cummings Jr.','janick25@example.net',96349650,'janick25@example.net','$2y$10$TKh8H1.PfQx37YgCzwiKb.KjNyWgaHb9cbcoQgdIVFlYg7B77UdFm',NULL,NULL,NULL,NULL,'2018-12-06 18:13:07','2018-12-06 18:13:07','2018-12-06 18:13:05','pGjTKKYAmS'),(302,'Alexandre Hagenes','Prof. Bertrand Mante','augustine61@example.com',74224263,'augustine61@example.com','$2y$10$TKh8H1.PfQx37YgCzwiKb.KjNyWgaHb9cbcoQgdIVFlYg7B77UdFm',NULL,NULL,NULL,NULL,'2018-12-06 18:13:07','2018-12-06 18:13:07','2018-12-06 18:13:05','mOkKDgqa76'),(303,'Dr. Jared Kreiger','Prof. Lennie Wilderman V','miles64@example.org',70191165,'miles64@example.org','$2y$10$TKh8H1.PfQx37YgCzwiKb.KjNyWgaHb9cbcoQgdIVFlYg7B77UdFm',NULL,NULL,NULL,NULL,'2018-12-06 18:13:07','2018-12-06 18:13:07','2018-12-06 18:13:05','aodcvkSiIs'),(304,'Cathy Denesik','Dorris Hayes','lokuneva@example.org',49587227,'lokuneva@example.org','$2y$10$TKh8H1.PfQx37YgCzwiKb.KjNyWgaHb9cbcoQgdIVFlYg7B77UdFm',NULL,NULL,NULL,NULL,'2018-12-06 18:13:07','2018-12-06 18:13:07','2018-12-06 18:13:05','5NfCBfRtDt'),(305,'Jean Gerhold','Rose Metz','fahey.oscar@example.net',16519333,'fahey.oscar@example.net','$2y$10$TKh8H1.PfQx37YgCzwiKb.KjNyWgaHb9cbcoQgdIVFlYg7B77UdFm',NULL,NULL,NULL,NULL,'2018-12-06 18:13:07','2018-12-06 18:13:07','2018-12-06 18:13:05','4iG2s3SKXW'),(306,'Anya Hayes','Keyshawn Will Jr.','herta.gorczany@example.net',43445233,'herta.gorczany@example.net','$2y$10$TKh8H1.PfQx37YgCzwiKb.KjNyWgaHb9cbcoQgdIVFlYg7B77UdFm',NULL,NULL,NULL,NULL,'2018-12-06 18:13:08','2018-12-06 18:13:08','2018-12-06 18:13:05','z0UmUEv9BW'),(307,'Lula VonRueden','Dr. Lukas Auer','olga59@example.net',23301785,'olga59@example.net','$2y$10$TKh8H1.PfQx37YgCzwiKb.KjNyWgaHb9cbcoQgdIVFlYg7B77UdFm',NULL,NULL,NULL,NULL,'2018-12-06 18:28:31','2018-12-06 18:28:31','2018-12-06 18:28:31','xNn8ymimoD'),(308,'Katharina Waters II','Vergie Fisher','ewell.walker@example.com',33325597,'ewell.walker@example.com','$2y$10$TKh8H1.PfQx37YgCzwiKb.KjNyWgaHb9cbcoQgdIVFlYg7B77UdFm',NULL,NULL,NULL,NULL,'2018-12-06 18:28:31','2018-12-06 18:28:31','2018-12-06 18:28:31','N0RBSdJtVb'),(309,'Linwood Bosco','Ruthie Kuhn','schuppe.freda@example.org',73125898,'schuppe.freda@example.org','$2y$10$TKh8H1.PfQx37YgCzwiKb.KjNyWgaHb9cbcoQgdIVFlYg7B77UdFm',NULL,NULL,NULL,NULL,'2018-12-06 18:28:31','2018-12-06 18:28:31','2018-12-06 18:28:31','Vxtdyavrjp'),(310,'Phyllis Abshire','Dr. Noemie Hills Jr.','lilian.daugherty@example.net',59066629,'lilian.daugherty@example.net','$2y$10$TKh8H1.PfQx37YgCzwiKb.KjNyWgaHb9cbcoQgdIVFlYg7B77UdFm',NULL,NULL,NULL,NULL,'2018-12-06 18:28:31','2018-12-06 18:28:31','2018-12-06 18:28:31','D51zWRc4Jv'),(311,'Okey Willms','Prof. Adolph Herzog','rita.nitzsche@example.com',95728276,'rita.nitzsche@example.com','$2y$10$TKh8H1.PfQx37YgCzwiKb.KjNyWgaHb9cbcoQgdIVFlYg7B77UdFm',NULL,NULL,NULL,NULL,'2018-12-06 18:28:31','2018-12-06 18:28:31','2018-12-06 18:28:31','XLkDYLBhsu'),(312,'Willa Mosciski','Beau Stracke','marcelino.ledner@example.net',22884368,'marcelino.ledner@example.net','$2y$10$TKh8H1.PfQx37YgCzwiKb.KjNyWgaHb9cbcoQgdIVFlYg7B77UdFm',NULL,NULL,NULL,NULL,'2018-12-06 18:28:31','2018-12-06 18:28:31','2018-12-06 18:28:31','UhIJvoMYU9'),(313,'Miss Cecelia Ondricka','Kailyn Cole','balistreri.shany@example.org',17276199,'balistreri.shany@example.org','$2y$10$TKh8H1.PfQx37YgCzwiKb.KjNyWgaHb9cbcoQgdIVFlYg7B77UdFm',NULL,NULL,NULL,NULL,'2018-12-06 18:28:31','2018-12-06 18:28:31','2018-12-06 18:28:31','zEydrlKH6j'),(314,'Dana Wunsch','Dr. Landen Goldner II','lindsay.crist@example.com',25475096,'lindsay.crist@example.com','$2y$10$TKh8H1.PfQx37YgCzwiKb.KjNyWgaHb9cbcoQgdIVFlYg7B77UdFm',NULL,NULL,NULL,NULL,'2018-12-06 18:28:31','2018-12-06 18:28:31','2018-12-06 18:28:31','tRiA56Cu7e'),(315,'Kianna Koelpin','Stanton Ward','carol08@example.org',58779465,'carol08@example.org','$2y$10$TKh8H1.PfQx37YgCzwiKb.KjNyWgaHb9cbcoQgdIVFlYg7B77UdFm',NULL,NULL,NULL,NULL,'2018-12-06 18:28:31','2018-12-06 18:28:31','2018-12-06 18:28:31','MxMBD7xwFN'),(316,'Miss Lulu Sawayn DDS','Jennyfer Waelchi','katelynn.lueilwitz@example.net',70265185,'katelynn.lueilwitz@example.net','$2y$10$TKh8H1.PfQx37YgCzwiKb.KjNyWgaHb9cbcoQgdIVFlYg7B77UdFm',NULL,NULL,NULL,NULL,'2018-12-06 18:28:31','2018-12-06 18:28:31','2018-12-06 18:28:31','vkdvK9dqGX'),(317,'Myrna Batz PhD','Prof. Oleta Bosco','trevion03@example.net',66550238,'trevion03@example.net','$2y$10$TKh8H1.PfQx37YgCzwiKb.KjNyWgaHb9cbcoQgdIVFlYg7B77UdFm',NULL,NULL,NULL,NULL,'2018-12-06 18:28:31','2018-12-06 18:28:31','2018-12-06 18:28:31','SZEqapX2u4'),(318,'Lauren Bartell','Mazie Kovacek','champlin.marina@example.com',75766061,'champlin.marina@example.com','$2y$10$TKh8H1.PfQx37YgCzwiKb.KjNyWgaHb9cbcoQgdIVFlYg7B77UdFm',NULL,NULL,NULL,NULL,'2018-12-06 18:28:32','2018-12-06 18:28:32','2018-12-06 18:28:31','y2uZ55AgWy'),(319,'Jarrod Oberbrunner','Israel Quitzon','junior.hintz@example.org',67088719,'junior.hintz@example.org','$2y$10$TKh8H1.PfQx37YgCzwiKb.KjNyWgaHb9cbcoQgdIVFlYg7B77UdFm',NULL,NULL,NULL,NULL,'2018-12-06 18:28:32','2018-12-06 18:28:32','2018-12-06 18:28:31','XiGs02syEn'),(320,'Cameron Howell','Arne Keeling','langosh.martin@example.net',63617962,'langosh.martin@example.net','$2y$10$TKh8H1.PfQx37YgCzwiKb.KjNyWgaHb9cbcoQgdIVFlYg7B77UdFm',NULL,NULL,NULL,NULL,'2018-12-06 18:28:32','2018-12-06 18:28:32','2018-12-06 18:28:31','AHnrnLKdoC'),(321,'Glenda Moore','Gonzalo Reinger','roman.runte@example.org',83003993,'roman.runte@example.org','$2y$10$TKh8H1.PfQx37YgCzwiKb.KjNyWgaHb9cbcoQgdIVFlYg7B77UdFm',NULL,NULL,NULL,NULL,'2018-12-06 18:28:32','2018-12-06 18:28:32','2018-12-06 18:28:31','nBWBbnvPdD'),(322,'Jett Eichmann','Ms. Shyann Kilback','dickinson.rickie@example.net',86569095,'dickinson.rickie@example.net','$2y$10$TKh8H1.PfQx37YgCzwiKb.KjNyWgaHb9cbcoQgdIVFlYg7B77UdFm',NULL,NULL,NULL,NULL,'2018-12-06 18:28:32','2018-12-06 18:28:32','2018-12-06 18:28:31','TNbrSM6kNo'),(323,'Maye Donnelly DDS','Raymond Rosenbaum','kcartwright@example.com',54978683,'kcartwright@example.com','$2y$10$TKh8H1.PfQx37YgCzwiKb.KjNyWgaHb9cbcoQgdIVFlYg7B77UdFm',NULL,NULL,NULL,NULL,'2018-12-06 18:28:32','2018-12-06 18:28:32','2018-12-06 18:28:31','WoBUAUxIER'),(324,'Nicola Schiller','Dr. Meredith Gutmann Sr.','faye98@example.net',59251467,'faye98@example.net','$2y$10$TKh8H1.PfQx37YgCzwiKb.KjNyWgaHb9cbcoQgdIVFlYg7B77UdFm',NULL,NULL,NULL,NULL,'2018-12-06 18:28:32','2018-12-06 18:28:32','2018-12-06 18:28:31','3ThJ2F8ib5'),(325,'Giles Considine','Mrs. Aliza Lemke Jr.','stefanie.weimann@example.org',18424576,'stefanie.weimann@example.org','$2y$10$TKh8H1.PfQx37YgCzwiKb.KjNyWgaHb9cbcoQgdIVFlYg7B77UdFm',NULL,NULL,NULL,NULL,'2018-12-06 18:28:32','2018-12-06 18:28:32','2018-12-06 18:28:31','8sXHcXHdpr'),(326,'Jefferey Koelpin III','Deja Huel','wuckert.miles@example.org',26332785,'wuckert.miles@example.org','$2y$10$TKh8H1.PfQx37YgCzwiKb.KjNyWgaHb9cbcoQgdIVFlYg7B77UdFm',NULL,NULL,NULL,NULL,'2018-12-06 18:28:32','2018-12-06 18:28:32','2018-12-06 18:28:31','v46x6a26Sp'),(327,'Bud Wiza I','Delia Kunze','justen.schaden@example.com',48626447,'justen.schaden@example.com','$2y$10$TKh8H1.PfQx37YgCzwiKb.KjNyWgaHb9cbcoQgdIVFlYg7B77UdFm',NULL,NULL,NULL,NULL,'2018-12-06 18:28:32','2018-12-06 18:28:32','2018-12-06 18:28:31','EXsbjfV0op'),(328,'Carolyne Hartmann PhD','Prof. Elenora Thompson V','llebsack@example.net',40656261,'llebsack@example.net','$2y$10$TKh8H1.PfQx37YgCzwiKb.KjNyWgaHb9cbcoQgdIVFlYg7B77UdFm',NULL,NULL,NULL,NULL,'2018-12-06 18:28:32','2018-12-06 18:28:32','2018-12-06 18:28:31','Za7rJla5IF'),(329,'Dr. Constance Nolan','Gerardo Smitham','raymundo.maggio@example.org',52105702,'raymundo.maggio@example.org','$2y$10$TKh8H1.PfQx37YgCzwiKb.KjNyWgaHb9cbcoQgdIVFlYg7B77UdFm',NULL,NULL,NULL,NULL,'2018-12-06 18:28:32','2018-12-06 18:28:32','2018-12-06 18:28:31','BuVwSEeOo0'),(330,'Caroline Tremblay','Mossie Larson','lilliana.wolf@example.org',21286454,'lilliana.wolf@example.org','$2y$10$TKh8H1.PfQx37YgCzwiKb.KjNyWgaHb9cbcoQgdIVFlYg7B77UdFm',NULL,NULL,NULL,NULL,'2018-12-06 18:28:32','2018-12-06 18:28:32','2018-12-06 18:28:31','sn0JmAyKJM'),(331,'Adele Klocko PhD','Jessie Williamson','jeff64@example.com',87304132,'jeff64@example.com','$2y$10$TKh8H1.PfQx37YgCzwiKb.KjNyWgaHb9cbcoQgdIVFlYg7B77UdFm',NULL,NULL,NULL,NULL,'2018-12-06 18:28:32','2018-12-06 18:28:32','2018-12-06 18:28:31','qqJn9HwgwK'),(332,'Geraldine Rath','Miss Rosemary Pouros III','germaine66@example.org',76059208,'germaine66@example.org','$2y$10$TKh8H1.PfQx37YgCzwiKb.KjNyWgaHb9cbcoQgdIVFlYg7B77UdFm',NULL,NULL,NULL,NULL,'2018-12-06 18:28:32','2018-12-06 18:28:32','2018-12-06 18:28:31','ItuNvqHgOQ'),(333,'Mr. Marlin O\'Kon II','Naomi Beier MD','lgoyette@example.com',25992946,'lgoyette@example.com','$2y$10$TKh8H1.PfQx37YgCzwiKb.KjNyWgaHb9cbcoQgdIVFlYg7B77UdFm',NULL,NULL,NULL,NULL,'2018-12-06 18:28:32','2018-12-06 18:28:32','2018-12-06 18:28:31','FtujInSrqM'),(334,'Dr. Afton Marquardt','Mr. Alexis Labadie','vita20@example.net',44648680,'vita20@example.net','$2y$10$TKh8H1.PfQx37YgCzwiKb.KjNyWgaHb9cbcoQgdIVFlYg7B77UdFm',NULL,NULL,NULL,NULL,'2018-12-06 18:28:32','2018-12-06 18:28:32','2018-12-06 18:28:31','sRZxJgFHhI'),(335,'Elva Conroy DDS','Addie Nienow V','gia.erdman@example.net',70733411,'gia.erdman@example.net','$2y$10$TKh8H1.PfQx37YgCzwiKb.KjNyWgaHb9cbcoQgdIVFlYg7B77UdFm',NULL,NULL,NULL,NULL,'2018-12-06 18:28:32','2018-12-06 18:28:32','2018-12-06 18:28:31','WLjieW5bXY'),(336,'Zetta Waters','Mr. Percy Schuppe DDS','beier.gaetano@example.org',37127736,'beier.gaetano@example.org','$2y$10$TKh8H1.PfQx37YgCzwiKb.KjNyWgaHb9cbcoQgdIVFlYg7B77UdFm',NULL,NULL,NULL,NULL,'2018-12-06 18:28:32','2018-12-06 18:28:32','2018-12-06 18:28:31','5tMSZ0ibrZ'),(337,'Hallie Green Sr.','Lamont Klein III','xnader@example.org',14007297,'xnader@example.org','$2y$10$TKh8H1.PfQx37YgCzwiKb.KjNyWgaHb9cbcoQgdIVFlYg7B77UdFm',NULL,NULL,NULL,NULL,'2018-12-06 18:28:32','2018-12-06 18:28:32','2018-12-06 18:28:31','FuWE76sXYZ'),(338,'Robyn Conn','Haylie Reichel','kasandra48@example.net',38433825,'kasandra48@example.net','$2y$10$TKh8H1.PfQx37YgCzwiKb.KjNyWgaHb9cbcoQgdIVFlYg7B77UdFm',NULL,NULL,NULL,NULL,'2018-12-06 18:28:32','2018-12-06 18:28:32','2018-12-06 18:28:31','lCZ8GyaXUw'),(339,'Stella Kunde','Felix Bode','agreenfelder@example.org',83725332,'agreenfelder@example.org','$2y$10$TKh8H1.PfQx37YgCzwiKb.KjNyWgaHb9cbcoQgdIVFlYg7B77UdFm',NULL,NULL,NULL,NULL,'2018-12-06 18:28:32','2018-12-06 18:28:32','2018-12-06 18:28:31','J8Zd8cwQ0u'),(340,'Dr. Angus Boyle','Ms. Lina Wiegand','bettye33@example.com',54375786,'bettye33@example.com','$2y$10$TKh8H1.PfQx37YgCzwiKb.KjNyWgaHb9cbcoQgdIVFlYg7B77UdFm',NULL,NULL,NULL,NULL,'2018-12-06 18:28:32','2018-12-06 18:28:32','2018-12-06 18:28:31','HHoPJERdzK'),(341,'Ayden DuBuque','Noble Ernser','marcellus.mclaughlin@example.net',41150749,'marcellus.mclaughlin@example.net','$2y$10$TKh8H1.PfQx37YgCzwiKb.KjNyWgaHb9cbcoQgdIVFlYg7B77UdFm',NULL,NULL,NULL,NULL,'2018-12-06 18:28:32','2018-12-06 18:28:32','2018-12-06 18:28:31','phSi5WJzDs'),(342,'Brielle Hoeger','Ms. Jessica O\'Connell DVM','giovanny57@example.com',82723900,'giovanny57@example.com','$2y$10$TKh8H1.PfQx37YgCzwiKb.KjNyWgaHb9cbcoQgdIVFlYg7B77UdFm',NULL,NULL,NULL,NULL,'2018-12-06 18:28:32','2018-12-06 18:28:32','2018-12-06 18:28:31','5FCSr75zK3'),(343,'Garnet Wisozk','Korbin Bruen','kenneth.hamill@example.org',88272070,'kenneth.hamill@example.org','$2y$10$TKh8H1.PfQx37YgCzwiKb.KjNyWgaHb9cbcoQgdIVFlYg7B77UdFm',NULL,NULL,NULL,NULL,'2018-12-06 18:28:32','2018-12-06 18:28:32','2018-12-06 18:28:31','uP843ZX9As'),(344,'Darian Pouros PhD','Doris Smitham','altenwerth.icie@example.org',73296643,'altenwerth.icie@example.org','$2y$10$TKh8H1.PfQx37YgCzwiKb.KjNyWgaHb9cbcoQgdIVFlYg7B77UdFm',NULL,NULL,NULL,NULL,'2018-12-06 18:28:33','2018-12-06 18:28:33','2018-12-06 18:28:31','li4JFCvDyL'),(345,'Kayley Walsh I','Armand Gerlach','hmorissette@example.net',33960510,'hmorissette@example.net','$2y$10$TKh8H1.PfQx37YgCzwiKb.KjNyWgaHb9cbcoQgdIVFlYg7B77UdFm',NULL,NULL,NULL,NULL,'2018-12-06 18:28:33','2018-12-06 18:28:33','2018-12-06 18:28:31','8WHF9iEqo3'),(346,'Nathaniel Gusikowski','Eduardo Wolf','smith.carmelo@example.net',73830518,'smith.carmelo@example.net','$2y$10$TKh8H1.PfQx37YgCzwiKb.KjNyWgaHb9cbcoQgdIVFlYg7B77UdFm',NULL,NULL,NULL,NULL,'2018-12-06 18:28:33','2018-12-06 18:28:33','2018-12-06 18:28:31','DFhTy3YlfN'),(347,'Prof. Ronny Wilderman DDS','Maverick Romaguera MD','lacey.rutherford@example.org',77058602,'lacey.rutherford@example.org','$2y$10$TKh8H1.PfQx37YgCzwiKb.KjNyWgaHb9cbcoQgdIVFlYg7B77UdFm',NULL,NULL,NULL,NULL,'2018-12-06 18:28:33','2018-12-06 18:28:33','2018-12-06 18:28:31','6qlqJLHoV5'),(348,'Mohamed Runolfsdottir','Lauryn Farrell','osinski.nyasia@example.org',94669415,'osinski.nyasia@example.org','$2y$10$TKh8H1.PfQx37YgCzwiKb.KjNyWgaHb9cbcoQgdIVFlYg7B77UdFm',NULL,NULL,NULL,NULL,'2018-12-06 18:28:33','2018-12-06 18:28:33','2018-12-06 18:28:31','OPwEgn0mOp'),(349,'Gregorio Rath','Ms. Bernadette McDermott IV','craig.botsford@example.com',33752904,'craig.botsford@example.com','$2y$10$TKh8H1.PfQx37YgCzwiKb.KjNyWgaHb9cbcoQgdIVFlYg7B77UdFm',NULL,NULL,NULL,NULL,'2018-12-06 18:28:33','2018-12-06 18:28:33','2018-12-06 18:28:31','32XW3GnZlh'),(350,'Luz Grady Sr.','Trenton Armstrong','jacobs.mikel@example.com',97495753,'jacobs.mikel@example.com','$2y$10$TKh8H1.PfQx37YgCzwiKb.KjNyWgaHb9cbcoQgdIVFlYg7B77UdFm',NULL,NULL,NULL,NULL,'2018-12-06 18:28:33','2018-12-06 18:28:33','2018-12-06 18:28:31','J0ZdqIiWgf'),(351,'Dr. Gudrun Dooley','Dr. Harvey Dooley PhD','leila23@example.org',31515830,'leila23@example.org','$2y$10$TKh8H1.PfQx37YgCzwiKb.KjNyWgaHb9cbcoQgdIVFlYg7B77UdFm',NULL,NULL,NULL,NULL,'2018-12-06 18:28:33','2018-12-06 18:28:33','2018-12-06 18:28:31','0jXLpx2x6N'),(352,'Miss Maybelle Halvorson III','Miss Lindsay Volkman IV','hand.elouise@example.net',50745928,'hand.elouise@example.net','$2y$10$TKh8H1.PfQx37YgCzwiKb.KjNyWgaHb9cbcoQgdIVFlYg7B77UdFm',NULL,NULL,NULL,NULL,'2018-12-06 18:28:33','2018-12-06 18:28:33','2018-12-06 18:28:31','SZXHApkodk'),(353,'Nikita Casper Sr.','Everette Cartwright','cade28@example.com',27997878,'cade28@example.com','$2y$10$TKh8H1.PfQx37YgCzwiKb.KjNyWgaHb9cbcoQgdIVFlYg7B77UdFm',NULL,NULL,NULL,NULL,'2018-12-06 18:28:33','2018-12-06 18:28:33','2018-12-06 18:28:31','Mt6z1EYwk5'),(354,'Hassan Botsford','Delfina Heidenreich','sigrid54@example.org',27958414,'sigrid54@example.org','$2y$10$TKh8H1.PfQx37YgCzwiKb.KjNyWgaHb9cbcoQgdIVFlYg7B77UdFm',NULL,NULL,NULL,NULL,'2018-12-06 18:28:33','2018-12-06 18:28:33','2018-12-06 18:28:31','mKcPQ7h6L2'),(355,'Mr. Osvaldo Koepp DDS','Kris Crist','marlon.weissnat@example.com',42424197,'marlon.weissnat@example.com','$2y$10$TKh8H1.PfQx37YgCzwiKb.KjNyWgaHb9cbcoQgdIVFlYg7B77UdFm',NULL,NULL,NULL,NULL,'2018-12-06 18:28:33','2018-12-06 18:28:33','2018-12-06 18:28:31','R3346ZOJaf'),(356,'Ottis Nienow','Candice Rosenbaum V','rene67@example.org',90597730,'rene67@example.org','$2y$10$TKh8H1.PfQx37YgCzwiKb.KjNyWgaHb9cbcoQgdIVFlYg7B77UdFm',NULL,NULL,NULL,NULL,'2018-12-06 18:28:33','2018-12-06 18:28:33','2018-12-06 18:28:31','KaKkYWGvft');
/*!40000 ALTER TABLE `usuarios` ENABLE KEYS */;
UNLOCK TABLES;
/*!40103 SET TIME_ZONE=@OLD_TIME_ZONE */;

/*!40101 SET SQL_MODE=@OLD_SQL_MODE */;
/*!40014 SET FOREIGN_KEY_CHECKS=@OLD_FOREIGN_KEY_CHECKS */;
/*!40014 SET UNIQUE_CHECKS=@OLD_UNIQUE_CHECKS */;
/*!40101 SET CHARACTER_SET_CLIENT=@OLD_CHARACTER_SET_CLIENT */;
/*!40101 SET CHARACTER_SET_RESULTS=@OLD_CHARACTER_SET_RESULTS */;
/*!40101 SET COLLATION_CONNECTION=@OLD_COLLATION_CONNECTION */;
/*!40111 SET SQL_NOTES=@OLD_SQL_NOTES */;

-- Dump completed on 2018-12-11 12:11:22
